{"stats":{"minecraft:used":{"minecraft:stone_sword":42,"minecraft:iron_shovel":258,"minecraft:stone_shovel":273,"minecraft:ladder":9,"minecraft:oak_sign":3,"minecraft:chest":2,"minecraft:shield":25,"minecraft:stone":165,"minecraft:iron_sword":79,"minecraft:stone_hoe":224,"minecraft:torch":99,"minecraft:dirt":88,"minecraft:carrot":5,"minecraft:lava_bucket":9,"minecraft:magma_block":69,"minecraft:furnace":4,"minecraft:egg":1,"minecraft:cooked_beef":13,"minecraft:potato":5,"minecraft:iron_leggings":1,"minecraft:wheat_seeds":189,"minecraft:water_bucket":46,"minecraft:stone_pickaxe":233,"minecraft:oak_planks":2,"minecraft:wooden_pickaxe":48,"minecraft:sugar_cane":9,"minecraft:crafting_table":5,"minecraft:white_bed":3,"minecraft:apple":7,"minecraft:bread":14,"minecraft:iron_pickaxe":245,"minecraft:stone_axe":180,"minecraft:cobblestone":22,"minecraft:cooked_porkchop":10,"minecraft:bucket":54,"minecraft:birch_log":25},"minecraft:picked_up":{"minecraft:charcoal":2,"minecraft:iron_chestplate":1,"minecraft:crafting_table":3,"minecraft:wheat":110,"minecraft:chainmail_boots":2,"minecraft:ladder":3,"minecraft:leather_leggings":1,"minecraft:wooden_pickaxe":1,"minecraft:enchanted_book":2,"minecraft:shield":1,"minecraft:cornflower":6,"minecraft:iron_leggings":15,"minecraft:iron_shovel":2,"minecraft:oak_sign":3,"minecraft:cobbled_deepslate":3,"minecraft:netherite_sword":1,"minecraft:bucket":1,"minecraft:player_head":6,"minecraft:poppy":5,"minecraft:iron_pickaxe":2,"minecraft:sugar_cane":15,"minecraft:furnace":2,"minecraft:iron_boots":3,"minecraft:egg":5,"minecraft:dark_oak_door":1,"minecraft:raw_iron":65,"minecraft:stick":57,"minecraft:stone":46,"minecraft:torch":20,"minecraft:carrot":5,"minecraft:redstone":20,"minecraft:stone_shovel":1,"minecraft:diamond_chestplate":1,"minecraft:stone_sword":1,"minecraft:arrow":12,"minecraft:rotten_flesh":5,"minecraft:iron_block":1,"minecraft:black_banner":1,"minecraft:white_wool":9,"minecraft:cobblestone":334,"minecraft:oxeye_daisy":3,"minecraft:birch_log":92,"minecraft:magma_block":110,"minecraft:leather_chestplate":5,"minecraft:basalt":4,"minecraft:cooked_beef":15,"minecraft:water_bucket":2,"minecraft:leather":5,"minecraft:potato":5,"minecraft:flint":1,"minecraft:oak_log":137,"minecraft:dirt":654,"minecraft:lapis_lazuli":35,"minecraft:leather_boots":1,"minecraft:bone":15,"minecraft:apple":3,"minecraft:bow":2,"minecraft:wheat_seeds":349,"minecraft:raw_gold":6,"minecraft:iron_ingot":1,"minecraft:stone_pickaxe":1,"minecraft:iron_sword":1,"minecraft:oak_planks":70,"minecraft:music_disc_chirp":1,"minecraft:smooth_basalt":3,"minecraft:cooked_porkchop":14,"minecraft:dandelion":5,"minecraft:sand":64,"minecraft:white_bed":1,"minecraft:grass_block":1,"minecraft:leather_helmet":11,"minecraft:stone_axe":2,"minecraft:chainmail_leggings":2,"minecraft:iron_helmet":2,"minecraft:emerald":2,"minecraft:oak_sapling":6,"minecraft:coal":93,"minecraft:ender_pearl":1},"minecraft:mined":{"minecraft:white_bed":1,"minecraft:farmland":1,"minecraft:ladder":3,"minecraft:grass_block":445,"minecraft:redstone_wire":20,"minecraft:oxeye_daisy":1,"minecraft:magma_block":112,"minecraft:furnace":2,"minecraft:carrots":1,"minecraft:iron_ore":32,"minecraft:fire":7,"minecraft:deepslate_lapis_ore":5,"minecraft:vine":4,"minecraft:potatoes":2,"minecraft:oak_sign":1,"minecraft:deepslate_iron_ore":18,"minecraft:dirt_path":1,"minecraft:stone":244,"minecraft:basalt":4,"minecraft:dandelion":4,"minecraft:cornflower":7,"minecraft:crafting_table":2,"minecraft:torch":3,"minecraft:poppy":3,"minecraft:cobblestone":22,"minecraft:tall_grass":57,"minecraft:deepslate_gold_ore":2,"minecraft:oak_planks":1,"minecraft:sugar_cane":5,"minecraft:wall_torch":2,"minecraft:seagrass":2,"minecraft:birch_log":92,"minecraft:wheat":109,"minecraft:black_wall_banner":1,"minecraft:birch_leaves":1,"minecraft:grass":582,"minecraft:oak_log":87,"minecraft:coal_ore":68,"minecraft:gravel":1,"minecraft:sand":69,"minecraft:dirt":47,"minecraft:smooth_basalt":3,"minecraft:gold_ore":4,"minecraft:oak_leaves":27,"minecraft:deepslate":3},"minecraft:killed":{"minecraft:skeleton":3,"minecraft:pig":1,"minecraft:zombie_villager":1,"minecraft:zombie":10,"minecraft:player":1,"minecraft:cow":1},"minecraft:broken":{"minecraft:iron_shovel":1,"minecraft:stone_hoe":1,"minecraft:stone_pickaxe":1,"minecraft:stone_shovel":2},"minecraft:crafted":{"minecraft:oak_planks":132,"minecraft:stone_shovel":2,"minecraft:oak_sign":3,"minecraft:furnace":2,"minecraft:stone":188,"minecraft:iron_boots":1,"minecraft:ladder":6,"minecraft:stone_pickaxe":2,"minecraft:chest":2,"minecraft:stone_hoe":2,"minecraft:crafting_table":2,"minecraft:wooden_pickaxe":1,"minecraft:iron_helmet":1,"minecraft:iron_sword":1,"minecraft:bucket":5,"minecraft:birch_planks":4,"minecraft:stone_axe":2,"minecraft:bread":17,"minecraft:blue_dye":2,"minecraft:charcoal":28,"minecraft:book":1,"minecraft:iron_chestplate":1,"minecraft:paper":3,"minecraft:shield":2,"minecraft:stick":80,"minecraft:iron_ingot":64,"minecraft:iron_pickaxe":2,"minecraft:stone_sword":2,"minecraft:iron_shovel":1,"minecraft:iron_leggings":1,"minecraft:white_bed":2,"minecraft:torch":128},"minecraft:dropped":{"minecraft:wheat_seeds":66,"minecraft:book":1,"minecraft:leather_helmet":9,"minecraft:coal":25,"minecraft:oxeye_daisy":1,"minecraft:dirt":1,"minecraft:iron_leggings":13,"minecraft:iron_pickaxe":1,"minecraft:iron_shovel":1,"minecraft:chainmail_leggings":1,"minecraft:birch_log":32,"minecraft:dandelion":5,"minecraft:smooth_basalt":1,"minecraft:dark_oak_door":1,"minecraft:stone_axe":1,"minecraft:music_disc_chirp":1,"minecraft:player_head":5,"minecraft:stone_sword":2,"minecraft:cobbled_deepslate":2,"minecraft:netherite_sword":1,"minecraft:stone_shovel":1,"minecraft:rotten_flesh":1,"minecraft:iron_boots":1,"minecraft:poppy":4,"minecraft:leather_chestplate":4,"minecraft:chainmail_boots":1,"minecraft:stone_pickaxe":2,"minecraft:egg":2},"minecraft:killed_by":{"minecraft:skeleton":2,"minecraft:zombie":2},"minecraft:custom":{"minecraft:mob_kills":20,"minecraft:interact_with_crafting_table":38,"minecraft:open_barrel":1,"minecraft:damage_dealt_resisted":21,"minecraft:leave_game":2,"minecraft:time_since_death":64833,"minecraft:climb_one_cm":26004,"minecraft:sprint_one_cm":530734,"minecraft:walk_one_cm":663736,"minecraft:damage_blocked_by_shield":1260,"minecraft:drop":71,"minecraft:sneak_time":3211,"minecraft:play_time":182496,"minecraft:deaths":4,"minecraft:walk_under_water_one_cm":8393,"minecraft:jump":3583,"minecraft:walk_on_water_one_cm":26937,"minecraft:enchant_item":4,"minecraft:total_world_time":182496,"minecraft:interact_with_furnace":59,"minecraft:sleep_in_bed":7,"minecraft:time_since_rest":26193,"minecraft:damage_taken":2915,"minecraft:damage_dealt":4095,"minecraft:swim_one_cm":9281,"minecraft:player_kills":1,"minecraft:fly_one_cm":744502,"minecraft:open_chest":40,"minecraft:crouch_one_cm":6892,"minecraft:fall_one_cm":86670}},"DataVersion":3465}