{"stats":{"minecraft:broken":{"minecraft:iron_shovel":1,"minecraft:stone_hoe":1,"minecraft:stone_pickaxe":1,"minecraft:iron_pickaxe":2,"minecraft:stone_shovel":2},"minecraft:dropped":{"minecraft:stone_hoe":1,"minecraft:iron_sword":1,"minecraft:wheat_seeds":210,"minecraft:lapis_lazuli":12,"minecraft:baked_potato":3,"minecraft:cobblestone":192,"minecraft:book":1,"minecraft:chainmail_helmet":1,"minecraft:leather_helmet":10,"minecraft:coal":25,"minecraft:oxeye_daisy":1,"minecraft:dirt":1,"minecraft:diorite":17,"minecraft:iron_leggings":13,"minecraft:iron_pickaxe":2,"minecraft:iron_shovel":1,"minecraft:chainmail_leggings":1,"minecraft:birch_log":32,"minecraft:dandelion":5,"minecraft:smooth_basalt":1,"minecraft:dark_oak_door":1,"minecraft:stone_axe":2,"minecraft:player_head":6,"minecraft:music_disc_chirp":1,"minecraft:stone_sword":2,"minecraft:cobbled_deepslate":6,"minecraft:netherite_sword":1,"minecraft:stone_shovel":1,"minecraft:rotten_flesh":9,"minecraft:iron_boots":1,"minecraft:poppy":4,"minecraft:leather_chestplate":4,"minecraft:chainmail_boots":2,"minecraft:leather_leggings":1,"minecraft:stone_pickaxe":2,"minecraft:egg":2},"minecraft:killed_by":{"minecraft:creeper":1,"minecraft:skeleton":3,"minecraft:zombie":3},"minecraft:crafted":{"minecraft:smooth_stone":8,"minecraft:oak_planks":196,"minecraft:stone_shovel":2,"minecraft:oak_sign":3,"minecraft:furnace":4,"minecraft:blast_furnace":1,"minecraft:dark_oak_sign":3,"minecraft:stone":188,"minecraft:glass":135,"minecraft:quartz_block":13,"minecraft:iron_boots":1,"minecraft:iron_axe":1,"minecraft:ladder":6,"minecraft:stone_pickaxe":2,"minecraft:filled_map":1,"minecraft:chest":9,"minecraft:dark_oak_planks":24,"minecraft:stone_hoe":2,"minecraft:smoker":1,"minecraft:map":1,"minecraft:crafting_table":2,"minecraft:baked_potato":78,"minecraft:iron_helmet":1,"minecraft:wooden_pickaxe":1,"minecraft:iron_sword":2,"minecraft:bucket":5,"minecraft:birch_planks":12,"minecraft:stone_axe":2,"minecraft:bread":43,"minecraft:cartography_table":1,"minecraft:blue_dye":2,"minecraft:iron_chestplate":1,"minecraft:book":1,"minecraft:paper":141,"minecraft:charcoal":128,"minecraft:shield":3,"minecraft:stick":172,"minecraft:compass":1,"minecraft:iron_ingot":120,"minecraft:iron_pickaxe":5,"minecraft:iron_block":3,"minecraft:stone_sword":2,"minecraft:gold_ingot":5,"minecraft:iron_shovel":2,"minecraft:iron_leggings":1,"minecraft:anvil":1,"minecraft:white_bed":2,"minecraft:torch":284},"minecraft:killed":{"minecraft:skeleton":6,"minecraft:skeleton_horse":2,"minecraft:pig":1,"minecraft:zombie_villager":1,"minecraft:creeper":1,"minecraft:squid":4,"minecraft:zombie":16,"minecraft:player":1,"minecraft:blaze":1,"minecraft:cow":1},"minecraft:mined":{"minecraft:nether_gold_ore":15,"minecraft:tuff":14,"minecraft:white_bed":1,"minecraft:farmland":1,"minecraft:dark_oak_log":8,"minecraft:ladder":3,"minecraft:granite":5,"minecraft:red_sand":1,"minecraft:grass_block":540,"minecraft:redstone_wire":20,"minecraft:oxeye_daisy":1,"minecraft:magma_block":148,"minecraft:glowstone":6,"minecraft:furnace":2,"minecraft:carrots":34,"minecraft:iron_ore":59,"minecraft:cobbled_deepslate":1,"minecraft:fire":12,"minecraft:andesite":49,"minecraft:deepslate_lapis_ore":13,"minecraft:dark_oak_stairs":1,"minecraft:vine":4,"minecraft:oak_sign":1,"minecraft:potatoes":43,"minecraft:deepslate_iron_ore":54,"minecraft:dirt_path":1,"minecraft:stone":752,"minecraft:deepslate_redstone_ore":7,"minecraft:blackstone":28,"minecraft:basalt":241,"minecraft:dandelion":4,"minecraft:crafting_table":2,"minecraft:cornflower":7,"minecraft:torch":4,"minecraft:poppy":3,"minecraft:chest":3,"minecraft:copper_ore":6,"minecraft:nether_quartz_ore":105,"minecraft:cobblestone":23,"minecraft:tall_grass":62,"minecraft:deepslate_gold_ore":29,"minecraft:sugar_cane":120,"minecraft:oak_planks":1,"minecraft:diorite":38,"minecraft:wall_torch":5,"minecraft:deepslate_copper_ore":4,"minecraft:seagrass":3,"minecraft:birch_log":92,"minecraft:wheat":212,"minecraft:black_wall_banner":1,"minecraft:birch_leaves":1,"minecraft:grass":597,"minecraft:coal_ore":82,"minecraft:oak_log":170,"minecraft:gravel":12,"minecraft:sand":141,"minecraft:dirt":78,"minecraft:smooth_basalt":5,"minecraft:netherrack":465,"minecraft:gold_ore":4,"minecraft:oak_leaves":32,"minecraft:deepslate":46,"minecraft:fern":2},"minecraft:custom":{"minecraft:interact_with_anvil":1,"minecraft:mob_kills":42,"minecraft:interact_with_crafting_table":84,"minecraft:open_barrel":2,"minecraft:damage_dealt_resisted":25,"minecraft:leave_game":3,"minecraft:time_since_death":40759,"minecraft:climb_one_cm":48387,"minecraft:sprint_one_cm":1062952,"minecraft:walk_one_cm":1378993,"minecraft:damage_blocked_by_shield":3000,"minecraft:drop":94,"minecraft:sneak_time":7003,"minecraft:deaths":7,"minecraft:play_time":380081,"minecraft:walk_under_water_one_cm":49669,"minecraft:jump":7664,"minecraft:interact_with_blast_furnace":6,"minecraft:walk_on_water_one_cm":98716,"minecraft:enchant_item":7,"minecraft:total_world_time":380081,"minecraft:interact_with_furnace":97,"minecraft:interact_with_cartography_table":6,"minecraft:sleep_in_bed":12,"minecraft:time_since_rest":15414,"minecraft:damage_taken":5663,"minecraft:damage_dealt":6546,"minecraft:swim_one_cm":17806,"minecraft:fly_one_cm":1404683,"minecraft:player_kills":1,"minecraft:open_chest":149,"minecraft:crouch_one_cm":18553,"minecraft:interact_with_smoker":11,"minecraft:fall_one_cm":164186,"minecraft:horse_one_cm":2126},"minecraft:used":{"minecraft:red_sand":1,"minecraft:stone_sword":42,"minecraft:iron_shovel":446,"minecraft:stone_shovel":273,"minecraft:ladder":9,"minecraft:oak_sign":3,"minecraft:shield":47,"minecraft:chest":7,"minecraft:stone":170,"minecraft:iron_sword":137,"minecraft:netherrack":13,"minecraft:player_head":1,"minecraft:stone_hoe":224,"minecraft:torch":292,"minecraft:dirt":143,"minecraft:anvil":1,"minecraft:carrot":70,"minecraft:glass":39,"minecraft:dark_oak_planks":17,"minecraft:lava_bucket":14,"minecraft:iron_axe":50,"minecraft:quartz_block":13,"minecraft:basalt":68,"minecraft:magma_block":96,"minecraft:bow":13,"minecraft:furnace":4,"minecraft:egg":2,"minecraft:cooked_beef":15,"minecraft:potato":86,"minecraft:cobbled_deepslate":6,"minecraft:iron_leggings":1,"minecraft:wheat_seeds":291,"minecraft:water_bucket":60,"minecraft:diorite":13,"minecraft:leather_leggings":1,"minecraft:cartography_table":1,"minecraft:baked_potato":24,"minecraft:stone_pickaxe":233,"minecraft:oak_planks":2,"minecraft:blackstone":4,"minecraft:wooden_pickaxe":48,"minecraft:chainmail_helmet":1,"minecraft:sugar_cane":79,"minecraft:crafting_table":5,"minecraft:blast_furnace":1,"minecraft:white_bed":3,"minecraft:smoker":1,"minecraft:apple":7,"minecraft:map":1,"minecraft:dark_oak_log":7,"minecraft:bread":51,"minecraft:iron_pickaxe":1935,"minecraft:stone_axe":235,"minecraft:cobblestone":77,"minecraft:andesite":16,"minecraft:cooked_porkchop":10,"minecraft:poisonous_potato":1,"minecraft:bucket":76,"minecraft:birch_log":25},"minecraft:picked_up":{"minecraft:charcoal":2,"minecraft:crafting_table":3,"minecraft:iron_chestplate":1,"minecraft:wheat":213,"minecraft:chainmail_boots":4,"minecraft:ladder":3,"minecraft:leather_leggings":1,"minecraft:wooden_pickaxe":1,"minecraft:enchanted_book":2,"minecraft:shield":1,"minecraft:cornflower":6,"minecraft:raw_copper":36,"minecraft:iron_axe":1,"minecraft:iron_leggings":15,"minecraft:iron_shovel":2,"minecraft:blackstone":24,"minecraft:oak_sign":3,"minecraft:red_sand":1,"minecraft:gold_nugget":52,"minecraft:cobbled_deepslate":43,"minecraft:netherite_sword":1,"minecraft:bucket":1,"minecraft:player_head":8,"minecraft:poppy":5,"minecraft:iron_pickaxe":2,"minecraft:sugar_cane":223,"minecraft:chest":3,"minecraft:furnace":2,"minecraft:iron_boots":3,"minecraft:egg":6,"minecraft:dark_oak_door":1,"minecraft:stick":58,"minecraft:raw_iron":128,"minecraft:stone":46,"minecraft:torch":29,"minecraft:diorite":33,"minecraft:carrot":131,"minecraft:redstone":52,"minecraft:dark_oak_planks":4,"minecraft:stone_sword":1,"minecraft:arrow":14,"minecraft:diamond_chestplate":1,"minecraft:rotten_flesh":13,"minecraft:stone_shovel":1,"minecraft:iron_block":1,"minecraft:black_banner":1,"minecraft:white_wool":9,"minecraft:cobblestone":696,"minecraft:oxeye_daisy":3,"minecraft:birch_log":92,"minecraft:magma_block":125,"minecraft:leather_chestplate":5,"minecraft:cooked_beef":17,"minecraft:basalt":243,"minecraft:water_bucket":2,"minecraft:andesite":39,"minecraft:leather":5,"minecraft:potato":163,"minecraft:flint":2,"minecraft:tuff":9,"minecraft:oak_log":220,"minecraft:lapis_lazuli":85,"minecraft:dirt":807,"minecraft:leather_boots":1,"minecraft:bone":18,"minecraft:apple":4,"minecraft:bow":2,"minecraft:wheat_seeds":627,"minecraft:raw_gold":33,"minecraft:iron_ingot":1,"minecraft:stone_pickaxe":1,"minecraft:glowstone_dust":20,"minecraft:iron_sword":1,"minecraft:oak_planks":70,"minecraft:dark_oak_stairs":1,"minecraft:music_disc_chirp":1,"minecraft:smooth_basalt":5,"minecraft:cooked_porkchop":14,"minecraft:gravel":10,"minecraft:poisonous_potato":1,"minecraft:quartz":105,"minecraft:dandelion":5,"minecraft:sand":135,"minecraft:ink_sac":6,"minecraft:white_bed":1,"minecraft:grass_block":1,"minecraft:dark_oak_log":13,"minecraft:leather_helmet":13,"minecraft:stone_axe":2,"minecraft:chainmail_leggings":2,"minecraft:iron_helmet":2,"minecraft:granite":6,"minecraft:chainmail_helmet":2,"minecraft:emerald":2,"minecraft:oak_sapling":6,"minecraft:netherrack":428,"minecraft:coal":104,"minecraft:ender_pearl":1}},"DataVersion":3465}