{"stats":{"minecraft:picked_up":{"minecraft:coarse_dirt":3,"minecraft:azure_bluet":1,"minecraft:chainmail_boots":1,"minecraft:chicken":3,"minecraft:enchanted_book":2,"minecraft:shield":1,"minecraft:cornflower":2,"minecraft:string":15,"minecraft:raw_copper":7,"minecraft:cooked_salmon":12,"minecraft:wooden_sword":2,"minecraft:iron_shovel":1,"minecraft:zombie_head":7,"minecraft:cracked_stone_bricks":5,"minecraft:cobbled_deepslate":183,"minecraft:spruce_planks":5,"minecraft:beef":4,"minecraft:iron_pickaxe":1,"minecraft:cobblestone_slab":3,"minecraft:player_head":6,"minecraft:poppy":4,"minecraft:light_gray_wool":1,"minecraft:sugar_cane":97,"minecraft:chest":2,"minecraft:egg":4,"minecraft:furnace":13,"minecraft:white_glazed_terracotta":2,"minecraft:stick":28,"minecraft:raw_iron":109,"minecraft:oak_fence":3,"minecraft:torch":115,"minecraft:porkchop":3,"minecraft:diorite":19,"minecraft:carrot":41,"minecraft:redstone":99,"minecraft:arrow":25,"minecraft:rotten_flesh":69,"minecraft:hay_block":51,"minecraft:blue_dye":7,"minecraft:gold_ingot":4,"minecraft:saddle":2,"minecraft:obsidian":14,"minecraft:mutton":4,"minecraft:cobblestone":297,"minecraft:white_wool":35,"minecraft:enchanting_table":1,"minecraft:basalt":3,"minecraft:feather":10,"minecraft:cooked_beef":20,"minecraft:andesite":2,"minecraft:salmon":14,"minecraft:leather":38,"minecraft:potato":5,"minecraft:flint":6,"minecraft:tuff":30,"minecraft:oak_log":73,"minecraft:lapis_lazuli":95,"minecraft:gunpowder":6,"minecraft:blue_bed":3,"minecraft:dirt":21,"minecraft:cooked_mutton":44,"minecraft:bone":17,"minecraft:apple":6,"minecraft:stone_bricks":2,"minecraft:bow":2,"minecraft:wheat_seeds":16,"minecraft:raw_gold":24,"minecraft:bell":1,"minecraft:iron_ingot":12,"minecraft:stone_pickaxe":1,"minecraft:cooked_chicken":10,"minecraft:mossy_stone_bricks":6,"minecraft:moss_block":2,"minecraft:stone_hoe":1,"minecraft:book":19,"minecraft:smooth_basalt":1,"minecraft:cooked_porkchop":16,"minecraft:emerald_block":17,"minecraft:chiseled_stone_bricks":2,"minecraft:raw_iron_block":2,"minecraft:ink_sac":2,"minecraft:spruce_sapling":1,"minecraft:spruce_log":13,"minecraft:white_bed":1,"minecraft:spider_eye":1,"minecraft:leather_helmet":1,"minecraft:mossy_cobblestone":3,"minecraft:bundle":1,"minecraft:polished_andesite":1,"minecraft:purple_bed":6,"minecraft:diamond":13,"minecraft:stone_axe":1,"minecraft:chainmail_leggings":1,"minecraft:granite":4,"minecraft:gray_wool":2,"minecraft:emerald":4,"minecraft:bread":26,"minecraft:hopper":2,"minecraft:black_wool":1,"minecraft:coal":236,"minecraft:ender_pearl":1},"minecraft:used":{"minecraft:oak_fence":9,"minecraft:moss_block":1,"minecraft:enchanting_table":2,"minecraft:flint_and_steel":1,"minecraft:redstone":20,"minecraft:poppy":2,"minecraft:chest":3,"minecraft:shield":36,"minecraft:iron_sword":275,"minecraft:player_head":2,"minecraft:bell":1,"minecraft:cooked_chicken":8,"minecraft:stone_hoe":7,"minecraft:torch":362,"minecraft:dirt":9,"minecraft:hopper":2,"minecraft:carrot":9,"minecraft:obsidian":10,"minecraft:lava_bucket":12,"minecraft:bookshelf":15,"minecraft:iron_axe":65,"minecraft:iron_helmet":1,"minecraft:iron_boots":1,"minecraft:stone_bricks":1,"minecraft:basalt":1,"minecraft:bow":13,"minecraft:emerald_block":9,"minecraft:furnace":15,"minecraft:egg":3,"minecraft:cooked_beef":14,"minecraft:cobbled_deepslate":87,"minecraft:iron_leggings":1,"minecraft:cooked_mutton":8,"minecraft:water_bucket":33,"minecraft:diorite":17,"minecraft:stone_pickaxe":18,"minecraft:oak_planks":4,"minecraft:cobblestone_slab":9,"minecraft:blue_bed":2,"minecraft:sugar_cane":17,"minecraft:white_wool":1,"minecraft:crafting_table":10,"minecraft:white_bed":1,"minecraft:diamond_pickaxe":1012,"minecraft:cornflower":2,"minecraft:bread":7,"minecraft:spruce_sapling":2,"minecraft:stone_axe":3,"minecraft:cobblestone":281,"minecraft:purple_bed":6,"minecraft:cooked_porkchop":14,"minecraft:bucket":47,"minecraft:coarse_dirt":1,"minecraft:gray_wool":2},"minecraft:mined":{"minecraft:tuff":24,"minecraft:white_bed":1,"minecraft:mossy_cobblestone":16,"minecraft:deepslate_diamond_ore":13,"minecraft:granite":4,"minecraft:obsidian":14,"minecraft:grass_block":8,"minecraft:hopper":2,"minecraft:moss_block":8,"minecraft:chiseled_stone_bricks":13,"minecraft:hay_block":20,"minecraft:redstone_ore":2,"minecraft:furnace":13,"minecraft:carrots":4,"minecraft:cobbled_deepslate":16,"minecraft:iron_ore":44,"minecraft:andesite":2,"minecraft:deepslate_lapis_ore":15,"minecraft:azure_bluet":1,"minecraft:enchanting_table":1,"minecraft:bell":1,"minecraft:white_glazed_terracotta":3,"minecraft:deepslate_iron_ore":6,"minecraft:cobblestone_slab":3,"minecraft:stone":219,"minecraft:deepslate_redstone_ore":19,"minecraft:basalt":3,"minecraft:cornflower":2,"minecraft:oak_fence":3,"minecraft:clay":3,"minecraft:crafting_table":1,"minecraft:torch":6,"minecraft:poppy":3,"minecraft:chest":2,"minecraft:cobblestone":59,"minecraft:tall_grass":19,"minecraft:copper_ore":1,"minecraft:deepslate_gold_ore":24,"minecraft:sugar_cane":46,"minecraft:diorite":19,"minecraft:blue_bed":3,"minecraft:wall_torch":3,"minecraft:purple_bed":5,"minecraft:coarse_dirt":2,"minecraft:birch_leaves":2,"minecraft:coal_ore":212,"minecraft:grass":102,"minecraft:oak_log":57,"minecraft:dirt":22,"minecraft:cobweb":2,"minecraft:smooth_basalt":1,"minecraft:cracked_stone_bricks":15,"minecraft:deepslate":180,"minecraft:stone_bricks":12,"minecraft:polished_andesite":8,"minecraft:mossy_stone_bricks":26,"minecraft:gold_ore":1,"minecraft:oak_leaves":6,"minecraft:emerald_block":17,"minecraft:fern":3},"minecraft:broken":{"minecraft:iron_sword":1},"minecraft:killed":{"minecraft:spider":5,"minecraft:vindicator":1,"minecraft:skeleton":11,"minecraft:chicken":6,"minecraft:pig":6,"minecraft:zombie_villager":1,"minecraft:creeper":3,"minecraft:polar_bear":1,"minecraft:sheep":15,"minecraft:zombie":30,"minecraft:cow":5},"minecraft:crafted":{"minecraft:oak_planks":220,"minecraft:raw_iron":72,"minecraft:cobblestone_slab":48,"minecraft:cooked_chicken":3,"minecraft:furnace":6,"minecraft:bookshelf":15,"minecraft:hopper":1,"minecraft:bow":1,"minecraft:iron_boots":1,"minecraft:chest":3,"minecraft:stone_hoe":1,"minecraft:oak_fence":6,"minecraft:wheat":90,"minecraft:crafting_table":10,"minecraft:spruce_planks":52,"minecraft:enchanting_table":1,"minecraft:iron_helmet":1,"minecraft:iron_sword":1,"minecraft:cooked_salmon":12,"minecraft:bread":30,"minecraft:air":0,"minecraft:book":27,"minecraft:iron_chestplate":1,"minecraft:paper":81,"minecraft:diamond_pickaxe":1,"minecraft:shield":2,"minecraft:stick":72,"minecraft:iron_ingot":129,"minecraft:gold_ingot":24,"minecraft:iron_leggings":1,"minecraft:torch":352},"minecraft:dropped":{"minecraft:stone_hoe":2,"minecraft:enchanted_book":1,"minecraft:iron_ingot":40,"minecraft:bread":26,"minecraft:moss_block":1,"minecraft:porkchop":3,"minecraft:wheat_seeds":15,"minecraft:cooked_beef":6,"minecraft:mossy_cobblestone":1,"minecraft:feather":1,"minecraft:leather":9,"minecraft:apple":6,"minecraft:cracked_stone_bricks":5,"minecraft:saddle":1,"minecraft:leather_helmet":1,"minecraft:polished_andesite":1,"minecraft:dirt":9,"minecraft:blue_dye":7,"minecraft:diorite":2,"minecraft:torch":88,"minecraft:mutton":2,"minecraft:cooked_salmon":12,"minecraft:wooden_sword":1,"minecraft:raw_iron_block":2,"minecraft:string":3,"minecraft:bucket":2,"minecraft:white_wool":26,"minecraft:spruce_sapling":1,"minecraft:redstone":6,"minecraft:smooth_basalt":1,"minecraft:coarse_dirt":2,"minecraft:raw_copper":7,"minecraft:tuff":23,"minecraft:raw_iron":31,"minecraft:rotten_flesh":12,"minecraft:light_gray_wool":1,"minecraft:name_tag":1,"minecraft:azure_bluet":1,"minecraft:salmon":2,"minecraft:carrot":16,"minecraft:chiseled_stone_bricks":2,"minecraft:poppy":1,"minecraft:hay_block":24,"minecraft:shield":2,"minecraft:spruce_planks":1,"minecraft:andesite":2,"minecraft:mossy_stone_bricks":6,"minecraft:stone_bricks":1,"minecraft:basalt":2,"minecraft:bow":2,"minecraft:beef":2,"minecraft:stone_pickaxe":1,"minecraft:black_wool":1,"minecraft:white_glazed_terracotta":2,"minecraft:egg":1},"minecraft:custom":{"minecraft:mob_kills":97,"minecraft:animals_bred":12,"minecraft:inspect_hopper":2,"minecraft:interact_with_crafting_table":46,"minecraft:open_barrel":24,"minecraft:bell_ring":18,"minecraft:damage_dealt_resisted":2,"minecraft:leave_game":2,"minecraft:time_since_death":203130,"minecraft:climb_one_cm":1218,"minecraft:sprint_one_cm":497283,"minecraft:walk_one_cm":298978,"minecraft:damage_blocked_by_shield":2355,"minecraft:drop":96,"minecraft:talked_to_villager":4,"minecraft:play_time":203130,"minecraft:sneak_time":24369,"minecraft:walk_under_water_one_cm":15489,"minecraft:jump":4641,"minecraft:walk_on_water_one_cm":21813,"minecraft:total_world_time":203130,"minecraft:interact_with_furnace":93,"minecraft:sleep_in_bed":7,"minecraft:time_since_rest":6654,"minecraft:damage_taken":2984,"minecraft:damage_dealt":11431,"minecraft:swim_one_cm":41054,"minecraft:fly_one_cm":845768,"minecraft:open_chest":116,"minecraft:crouch_one_cm":40356,"minecraft:fall_one_cm":125863,"minecraft:horse_one_cm":86363}},"DataVersion":3465}