{"stats":{"minecraft:broken":{"minecraft:iron_sword":1},"minecraft:dropped":{"minecraft:iron_sword":1,"minecraft:moss_block":1,"minecraft:brown_mushroom":3,"minecraft:porkchop":3,"minecraft:diamond_axe":1,"minecraft:lapis_lazuli":64,"minecraft:cooked_beef":6,"minecraft:glass_bottle":1,"minecraft:ender_pearl":2,"minecraft:diamond":13,"minecraft:leather":9,"minecraft:cracked_stone_bricks":10,"minecraft:saddle":1,"minecraft:leather_helmet":1,"minecraft:red_mushroom":1,"minecraft:cobblestone_stairs":1,"minecraft:cyan_terracotta":1,"minecraft:dirt":9,"minecraft:mutton":2,"minecraft:wooden_sword":1,"minecraft:iron_pickaxe":1,"minecraft:white_wool":26,"minecraft:bone":2,"minecraft:gravel":5,"minecraft:stone_axe":2,"minecraft:rotten_flesh":46,"minecraft:oak_planks":3,"minecraft:azure_bluet":1,"minecraft:salmon":2,"minecraft:carrot":18,"minecraft:chiseled_stone_bricks":2,"minecraft:poppy":1,"minecraft:leather_chestplate":1,"minecraft:gunpowder":1,"minecraft:chainmail_boots":1,"minecraft:leather_leggings":1,"minecraft:basalt":2,"minecraft:beef":2,"minecraft:stone_brick_stairs":2,"minecraft:white_glazed_terracotta":2,"minecraft:egg":11,"minecraft:enchanted_book":1,"minecraft:stone_hoe":2,"minecraft:iron_ingot":40,"minecraft:bread":26,"minecraft:wheat_seeds":15,"minecraft:mossy_cobblestone":7,"minecraft:feather":1,"minecraft:iron_helmet":2,"minecraft:cobblestone":6,"minecraft:apple":6,"minecraft:granite":6,"minecraft:chainmail_helmet":1,"minecraft:polished_andesite":7,"minecraft:blue_dye":7,"minecraft:diorite":19,"minecraft:torch":88,"minecraft:cooked_salmon":12,"minecraft:iron_leggings":1,"minecraft:iron_axe":1,"minecraft:raw_iron_block":2,"minecraft:mossy_cobblestone_stairs":4,"minecraft:smooth_stone":2,"minecraft:iron_shovel":7,"minecraft:string":9,"minecraft:bucket":2,"minecraft:spruce_sapling":1,"minecraft:smooth_basalt":3,"minecraft:redstone":6,"minecraft:player_head":1,"minecraft:coarse_dirt":5,"minecraft:raw_copper":7,"minecraft:tuff":23,"minecraft:raw_iron":31,"minecraft:wither_skeleton_skull":1,"minecraft:light_gray_wool":1,"minecraft:iron_boots":5,"minecraft:stone_slab":8,"minecraft:name_tag":1,"minecraft:cobblestone_slab":28,"minecraft:hay_block":24,"minecraft:shield":2,"minecraft:diamond_chestplate":3,"minecraft:spruce_planks":1,"minecraft:iron_chestplate":2,"minecraft:andesite":2,"minecraft:mossy_stone_bricks":18,"minecraft:stone_bricks":3,"minecraft:spider_eye":3,"minecraft:bow":4,"minecraft:stone_pickaxe":1,"minecraft:black_wool":1},"minecraft:killed_by":{"minecraft:zombie":1},"minecraft:crafted":{"minecraft:ender_chest":2,"minecraft:grindstone":2,"minecraft:oak_planks":292,"minecraft:cobblestone_slab":72,"minecraft:barrel":1,"minecraft:blaze_powder":2,"minecraft:cooked_chicken":3,"minecraft:bookshelf":15,"minecraft:hopper":1,"minecraft:bow":2,"minecraft:diamond_leggings":1,"minecraft:iron_boots":1,"minecraft:chest":4,"minecraft:stone_hoe":1,"minecraft:ender_eye":2,"minecraft:oak_fence":6,"minecraft:oak_slab":12,"minecraft:crafting_table":14,"minecraft:spruce_planks":52,"minecraft:baked_potato":54,"minecraft:iron_helmet":2,"minecraft:book":27,"minecraft:iron_chestplate":1,"minecraft:paper":81,"minecraft:diamond_pickaxe":3,"minecraft:charcoal":27,"minecraft:emerald_block":5,"minecraft:shield":2,"minecraft:stick":140,"minecraft:stone_slab":6,"minecraft:iron_ingot":129,"minecraft:gold_ingot":24,"minecraft:raw_iron":72,"minecraft:furnace":6,"minecraft:wheat":90,"minecraft:diamond_sword":1,"minecraft:enchanting_table":1,"minecraft:iron_sword":2,"minecraft:cooked_salmon":12,"minecraft:bread":30,"minecraft:air":0,"minecraft:oak_boat":1,"minecraft:iron_leggings":1,"minecraft:torch":556},"minecraft:killed":{"minecraft:spider":7,"minecraft:skeleton":30,"minecraft:chicken":7,"minecraft:silverfish":3,"minecraft:pig":6,"minecraft:zombie_villager":1,"minecraft:creeper":7,"minecraft:sheep":15,"minecraft:zombie":101,"minecraft:stray":1,"minecraft:cow":5,"minecraft:vindicator":1,"minecraft:husk":1,"minecraft:polar_bear":1,"minecraft:wither_skeleton":4,"minecraft:player":1,"minecraft:enderman":2},"minecraft:mined":{"minecraft:white_bed":1,"minecraft:cobblestone_stairs":4,"minecraft:obsidian":38,"minecraft:granite":18,"minecraft:grass_block":11,"minecraft:infested_cobblestone":1,"minecraft:hopper":10,"minecraft:chiseled_stone_bricks":13,"minecraft:smooth_stone":9,"minecraft:mossy_cobblestone_slab":5,"minecraft:mossy_cobblestone_stairs":10,"minecraft:iron_ore":78,"minecraft:cobbled_deepslate":63,"minecraft:deepslate_lapis_ore":18,"minecraft:azure_bluet":1,"minecraft:enchanting_table":1,"minecraft:deepslate_redstone_ore":19,"minecraft:brown_mushroom":1,"minecraft:cyan_terracotta":5,"minecraft:clay":4,"minecraft:torch":13,"minecraft:poppy":3,"minecraft:chest":2,"minecraft:cobblestone":175,"minecraft:sugar_cane":46,"minecraft:wall_torch":6,"minecraft:skeleton_skull":5,"minecraft:stone_brick_stairs":3,"minecraft:smooth_stone_slab":3,"minecraft:infested_mossy_stone_bricks":3,"minecraft:grass":106,"minecraft:oak_log":57,"minecraft:dirt":29,"minecraft:smooth_quartz":1,"minecraft:infested_cracked_stone_bricks":1,"minecraft:smooth_basalt":2,"minecraft:wither_skeleton_skull":1,"minecraft:oak_leaves":6,"minecraft:deepslate":321,"minecraft:emerald_block":17,"minecraft:tuff":24,"minecraft:mossy_cobblestone":45,"minecraft:deepslate_diamond_ore":20,"minecraft:moss_block":8,"minecraft:hay_block":20,"minecraft:redstone_ore":2,"minecraft:furnace":13,"minecraft:carrots":4,"minecraft:andesite":4,"minecraft:white_glazed_terracotta":3,"minecraft:bell":1,"minecraft:bookshelf":4,"minecraft:deepslate_iron_ore":9,"minecraft:cobblestone_slab":6,"minecraft:vine":37,"minecraft:stone":440,"minecraft:ender_chest":1,"minecraft:basalt":4,"minecraft:oak_fence":3,"minecraft:crafting_table":1,"minecraft:cornflower":2,"minecraft:copper_ore":6,"minecraft:tall_grass":21,"minecraft:deepslate_gold_ore":24,"minecraft:diorite":75,"minecraft:blue_bed":3,"minecraft:coarse_dirt":5,"minecraft:purple_bed":5,"minecraft:sweet_berry_bush":1,"minecraft:birch_leaves":2,"minecraft:coal_ore":235,"minecraft:gravel":12,"minecraft:cobweb":2,"minecraft:cracked_stone_bricks":22,"minecraft:stone_bricks":27,"minecraft:polished_andesite":12,"minecraft:mossy_stone_bricks":45,"minecraft:gold_ore":1,"minecraft:fern":3},"minecraft:custom":{"minecraft:animals_bred":18,"minecraft:interact_with_crafting_table":69,"minecraft:open_barrel":39,"minecraft:bell_ring":18,"minecraft:leave_game":6,"minecraft:time_since_death":71130,"minecraft:sprint_one_cm":802376,"minecraft:damage_blocked_by_shield":2985,"minecraft:drop":206,"minecraft:talked_to_villager":5,"minecraft:play_time":325459,"minecraft:deaths":2,"minecraft:jump":7210,"minecraft:walk_on_water_one_cm":91130,"minecraft:enchant_item":6,"minecraft:interact_with_furnace":104,"minecraft:sleep_in_bed":10,"minecraft:open_enderchest":14,"minecraft:damage_dealt":29563,"minecraft:player_kills":1,"minecraft:crouch_one_cm":84683,"minecraft:horse_one_cm":86363,"minecraft:interact_with_anvil":3,"minecraft:mob_kills":209,"minecraft:inspect_hopper":13,"minecraft:damage_dealt_resisted":2,"minecraft:climb_one_cm":19092,"minecraft:walk_one_cm":560900,"minecraft:sneak_time":40807,"minecraft:walk_under_water_one_cm":36436,"minecraft:total_world_time":325459,"minecraft:interact_with_grindstone":3,"minecraft:time_since_rest":17224,"minecraft:trigger_trapped_chest":1,"minecraft:damage_taken":6082,"minecraft:swim_one_cm":100637,"minecraft:fly_one_cm":1230828,"minecraft:open_chest":232,"minecraft:fall_one_cm":178370},"minecraft:used":{"minecraft:moss_block":1,"minecraft:iron_shovel":4,"minecraft:poppy":2,"minecraft:chest":4,"minecraft:shield":46,"minecraft:iron_sword":421,"minecraft:bell":1,"minecraft:player_head":5,"minecraft:carrot":10,"minecraft:obsidian":10,"minecraft:cyan_terracotta":1,"minecraft:lava_bucket":24,"minecraft:iron_helmet":2,"minecraft:stone_bricks":36,"minecraft:bow":51,"minecraft:sweet_berries":1,"minecraft:furnace":15,"minecraft:oak_sapling":1,"minecraft:egg":3,"minecraft:mossy_stone_bricks":5,"minecraft:diorite":17,"minecraft:stone_pickaxe":18,"minecraft:oak_planks":4,"minecraft:blue_bed":2,"minecraft:sugar_cane":17,"minecraft:white_wool":1,"minecraft:bread":34,"minecraft:gravel":4,"minecraft:grindstone":2,"minecraft:andesite":2,"minecraft:smooth_stone_slab":3,"minecraft:oak_boat":1,"minecraft:coarse_dirt":2,"minecraft:oak_fence":9,"minecraft:enchanting_table":2,"minecraft:flint_and_steel":1,"minecraft:redstone":20,"minecraft:ender_chest":2,"minecraft:stone_hoe":7,"minecraft:cooked_chicken":17,"minecraft:torch":659,"minecraft:dirt":11,"minecraft:hopper":10,"minecraft:granite":1,"minecraft:mossy_cobblestone_stairs":1,"minecraft:bookshelf":19,"minecraft:iron_axe":285,"minecraft:iron_boots":1,"minecraft:barrel":1,"minecraft:basalt":1,"minecraft:emerald_block":9,"minecraft:cooked_beef":14,"minecraft:cobbled_deepslate":341,"minecraft:iron_leggings":1,"minecraft:cooked_mutton":8,"minecraft:water_bucket":82,"minecraft:glass_bottle":1,"minecraft:birch_boat":1,"minecraft:cobblestone_slab":23,"minecraft:cracked_stone_bricks":1,"minecraft:mossy_cobblestone":1,"minecraft:crafting_table":14,"minecraft:red_mushroom":1,"minecraft:white_bed":1,"minecraft:diamond_pickaxe":1787,"minecraft:cornflower":2,"minecraft:apple":6,"minecraft:iron_pickaxe":69,"minecraft:spruce_sapling":2,"minecraft:stone_axe":3,"minecraft:cobblestone":479,"minecraft:potion":2,"minecraft:purple_bed":6,"minecraft:cooked_porkchop":23,"minecraft:bucket":108,"minecraft:gray_wool":2,"minecraft:smooth_stone":1},"minecraft:picked_up":{"minecraft:chainmail_boots":1,"minecraft:ender_chest":1,"minecraft:stone_slab":4,"minecraft:enchanted_book":2,"minecraft:potion":2,"minecraft:stone_brick_stairs":2,"minecraft:string":21,"minecraft:raw_copper":7,"minecraft:cooked_salmon":12,"minecraft:smooth_stone_slab":3,"minecraft:zombie_head":7,"minecraft:smooth_stone":9,"minecraft:cobbled_deepslate":382,"minecraft:spruce_planks":5,"minecraft:cobblestone_slab":21,"minecraft:iron_pickaxe":1,"minecraft:iron_boots":3,"minecraft:furnace":13,"minecraft:golden_helmet":2,"minecraft:tipped_arrow":1,"minecraft:white_glazed_terracotta":2,"minecraft:stick":28,"minecraft:oak_fence":3,"minecraft:torch":138,"minecraft:porkchop":3,"minecraft:diorite":36,"minecraft:rotten_flesh":148,"minecraft:blue_dye":7,"minecraft:cyan_terracotta":5,"minecraft:obsidian":38,"minecraft:cobblestone":545,"minecraft:enchanting_table":1,"minecraft:feather":10,"minecraft:cooked_beef":20,"minecraft:andesite":4,"minecraft:potato":6,"minecraft:flint":6,"minecraft:tuff":30,"minecraft:wither_skeleton_skull":2,"minecraft:dirt":24,"minecraft:lapis_lazuli":159,"minecraft:bone":62,"minecraft:bow":6,"minecraft:wheat_seeds":16,"minecraft:raw_gold":24,"minecraft:bell":1,"minecraft:mossy_stone_bricks":22,"minecraft:moss_block":2,"minecraft:stone_hoe":1,"minecraft:cooked_porkchop":16,"minecraft:ink_sac":2,"minecraft:mossy_cobblestone":27,"minecraft:bundle":1,"minecraft:polished_andesite":7,"minecraft:diamond":36,"minecraft:granite":7,"minecraft:chainmail_helmet":2,"minecraft:bread":26,"minecraft:emerald":4,"minecraft:oak_sapling":1,"minecraft:coarse_dirt":7,"minecraft:azure_bluet":1,"minecraft:chicken":3,"minecraft:brown_mushroom":4,"minecraft:shield":1,"minecraft:cornflower":2,"minecraft:iron_axe":1,"minecraft:wooden_sword":2,"minecraft:iron_shovel":8,"minecraft:cracked_stone_bricks":11,"minecraft:beef":4,"minecraft:oak_boat":1,"minecraft:player_head":10,"minecraft:poppy":4,"minecraft:light_gray_wool":1,"minecraft:sugar_cane":97,"minecraft:chest":2,"minecraft:egg":14,"minecraft:raw_iron":203,"minecraft:stone":3,"minecraft:carrot":43,"minecraft:redstone":99,"minecraft:diamond_chestplate":3,"minecraft:arrow":71,"minecraft:hay_block":51,"minecraft:saddle":2,"minecraft:gold_ingot":4,"minecraft:mutton":4,"minecraft:skeleton_skull":5,"minecraft:white_wool":35,"minecraft:basalt":3,"minecraft:salmon":14,"minecraft:leather":38,"minecraft:red_mushroom":3,"minecraft:oak_log":73,"minecraft:chainmail_chestplate":1,"minecraft:gunpowder":10,"minecraft:cobblestone_stairs":2,"minecraft:blue_bed":3,"minecraft:cooked_mutton":50,"minecraft:apple":6,"minecraft:stone_bricks":16,"minecraft:iron_ingot":13,"minecraft:stone_pickaxe":1,"minecraft:cooked_chicken":10,"minecraft:book":31,"minecraft:birch_boat":1,"minecraft:smooth_basalt":3,"minecraft:emerald_block":17,"minecraft:sweet_berries":3,"minecraft:chiseled_stone_bricks":2,"minecraft:raw_iron_block":2,"minecraft:gravel":14,"minecraft:spruce_sapling":1,"minecraft:white_bed":1,"minecraft:spruce_log":13,"minecraft:spider_eye":3,"minecraft:leather_helmet":1,"minecraft:purple_bed":6,"minecraft:stone_axe":3,"minecraft:chainmail_leggings":1,"minecraft:diamond_axe":1,"minecraft:mossy_cobblestone_stairs":7,"minecraft:gray_wool":2,"minecraft:baked_potato":1,"minecraft:black_wool":1,"minecraft:coal":307,"minecraft:hopper":11,"minecraft:ender_pearl":5}},"DataVersion":3465}