{"stats":{"minecraft:used":{"minecraft:cooked_mutton":2,"minecraft:music_disc_far":1,"minecraft:stone_sword":47,"minecraft:stone_pickaxe":284,"minecraft:chest":1,"minecraft:shield":39,"minecraft:wooden_pickaxe":89,"minecraft:iron_sword":2,"minecraft:torch":90,"minecraft:dirt":17,"minecraft:crafting_table":5,"minecraft:carrot":1,"minecraft:apple":1,"minecraft:iron_axe":1,"minecraft:bread":8,"minecraft:stone_bricks":7,"minecraft:cobblestone":15,"minecraft:potion":1,"minecraft:cooked_porkchop":3,"minecraft:andesite":1,"minecraft:yellow_bed":5,"minecraft:cooked_beef":14,"minecraft:pumpkin":4},"minecraft:mined":{"minecraft:crafting_table":1,"minecraft:torch":1,"minecraft:blast_furnace":1,"minecraft:grass_block":13,"minecraft:tall_grass":17,"minecraft:copper_ore":2,"minecraft:cobblestone":1,"minecraft:sugar_cane":6,"minecraft:oak_planks":1,"minecraft:diorite":3,"minecraft:wall_torch":1,"minecraft:hay_block":27,"minecraft:carrots":1,"minecraft:iron_ore":8,"minecraft:andesite":1,"minecraft:pumpkin":5,"minecraft:yellow_bed":4,"minecraft:grass":85,"minecraft:oak_log":18,"minecraft:coal_ore":54,"minecraft:gravel":3,"minecraft:dirt":8,"minecraft:stone":263,"minecraft:stone_bricks":9,"minecraft:fern":2,"minecraft:oak_leaves":8},"minecraft:killed_by":{"minecraft:vindicator":1,"minecraft:skeleton":1,"minecraft:creeper":1,"minecraft:zombie":6},"minecraft:dropped":{"minecraft:cooked_beef":6,"minecraft:stone_sword":2,"minecraft:crossbow":1,"minecraft:stone_shovel":1,"minecraft:dirt":26,"minecraft:gray_wool":1,"minecraft:torch":2,"minecraft:iron_chestplate":1,"minecraft:leather_leggings":1,"minecraft:wooden_sword":1,"minecraft:wooden_pickaxe":1,"minecraft:stone_pickaxe":1,"minecraft:white_wool":1,"minecraft:bone":1},"minecraft:crafted":{"minecraft:oak_planks":72,"minecraft:crafting_table":4,"minecraft:wooden_pickaxe":2,"minecraft:bread":35,"minecraft:stick":80,"minecraft:stone_pickaxe":4,"minecraft:stone_sword":3,"minecraft:acacia_planks":72,"minecraft:torch":60,"minecraft:wheat":117},"minecraft:broken":{"minecraft:stone_pickaxe":1,"minecraft:shield":1},"minecraft:killed":{"minecraft:pig":4,"minecraft:skeleton":2,"minecraft:pillager":1,"minecraft:zombie":2,"minecraft:chicken":1,"minecraft:cow":2},"minecraft:picked_up":{"minecraft:crafting_table":6,"minecraft:cooked_beef":39,"minecraft:chicken":4,"minecraft:andesite":1,"minecraft:leather_leggings":6,"minecraft:leather":55,"minecraft:wooden_pickaxe":2,"minecraft:enchanted_book":1,"minecraft:potion":3,"minecraft:flint":2,"minecraft:oak_log":47,"minecraft:yellow_bed":5,"minecraft:shield":4,"minecraft:dirt":72,"minecraft:string":4,"minecraft:raw_copper":8,"minecraft:iron_axe":4,"minecraft:wooden_sword":1,"minecraft:cooked_mutton":2,"minecraft:bone":4,"minecraft:apple":1,"minecraft:stone_bricks":7,"minecraft:wheat_seeds":22,"minecraft:music_disc_far":1,"minecraft:stone_pickaxe":7,"minecraft:beef":12,"minecraft:player_head":11,"minecraft:poppy":2,"minecraft:sugar_cane":50,"minecraft:chest":2,"minecraft:oak_planks":98,"minecraft:egg":3,"minecraft:furnace":4,"minecraft:stick":65,"minecraft:raw_iron":16,"minecraft:cooked_porkchop":9,"minecraft:pumpkin":8,"minecraft:torch":219,"minecraft:dandelion":2,"minecraft:gravel":2,"minecraft:cookie":1,"minecraft:blast_furnace":3,"minecraft:carrot":27,"minecraft:dark_oak_log":20,"minecraft:stone_sword":8,"minecraft:arrow":19,"minecraft:stone_shovel":3,"minecraft:rotten_flesh":35,"minecraft:cooked_cod":3,"minecraft:hay_block":41,"minecraft:crossbow":2,"minecraft:bread":8,"minecraft:gray_wool":2,"minecraft:emerald":14,"minecraft:oak_sapling":1,"minecraft:coal":115,"minecraft:white_wool":2,"minecraft:cobblestone":756},"minecraft:custom":{"minecraft:interact_with_smithing_table":1,"minecraft:interact_with_furnace":8,"minecraft:mob_kills":19,"minecraft:play_record":1,"minecraft:interact_with_crafting_table":15,"minecraft:open_barrel":4,"minecraft:interact_with_loom":1,"minecraft:leave_game":2,"minecraft:time_since_death":3896,"minecraft:sleep_in_bed":5,"minecraft:climb_one_cm":3944,"minecraft:time_since_rest":3968,"minecraft:sprint_one_cm":475281,"minecraft:damage_taken":3737,"minecraft:walk_one_cm":451872,"minecraft:damage_blocked_by_shield":1343,"minecraft:drop":16,"minecraft:damage_dealt":2266,"minecraft:swim_one_cm":13413,"minecraft:fly_one_cm":529423,"minecraft:open_chest":40,"minecraft:crouch_one_cm":1253,"minecraft:play_time":115558,"minecraft:deaths":9,"minecraft:sneak_time":389,"minecraft:walk_under_water_one_cm":10544,"minecraft:interact_with_brewingstand":2,"minecraft:jump":2452,"minecraft:walk_on_water_one_cm":13024,"minecraft:total_world_time":115558,"minecraft:fall_one_cm":69381}},"DataVersion":3465}