{"stats":{"minecraft:used":{"minecraft:cooked_mutton":2,"minecraft:music_disc_far":1,"minecraft:stone_sword":30,"minecraft:stone_pickaxe":258,"minecraft:shield":30,"minecraft:chest":1,"minecraft:wooden_pickaxe":40,"minecraft:torch":69,"minecraft:dirt":14,"minecraft:crafting_table":3,"minecraft:apple":1,"minecraft:iron_axe":1,"minecraft:stone_bricks":7,"minecraft:cobblestone":15,"minecraft:andesite":1,"minecraft:yellow_bed":5,"minecraft:cooked_beef":14,"minecraft:pumpkin":4},"minecraft:killed_by":{"minecraft:skeleton":1,"minecraft:zombie":3},"minecraft:mined":{"minecraft:crafting_table":1,"minecraft:torch":1,"minecraft:blast_furnace":1,"minecraft:grass_block":11,"minecraft:cobblestone":1,"minecraft:copper_ore":2,"minecraft:tall_grass":13,"minecraft:oak_planks":1,"minecraft:sugar_cane":2,"minecraft:diorite":3,"minecraft:hay_block":14,"minecraft:iron_ore":8,"minecraft:andesite":1,"minecraft:pumpkin":5,"minecraft:yellow_bed":4,"minecraft:grass":71,"minecraft:coal_ore":39,"minecraft:oak_log":5,"minecraft:dirt":4,"minecraft:gravel":3,"minecraft:stone_bricks":9,"minecraft:stone":208,"minecraft:oak_leaves":7},"minecraft:dropped":{"minecraft:cooked_beef":6,"minecraft:stone_sword":2,"minecraft:stone_shovel":1,"minecraft:dirt":26,"minecraft:gray_wool":1,"minecraft:torch":2,"minecraft:iron_chestplate":1,"minecraft:leather_leggings":1,"minecraft:wooden_sword":1,"minecraft:stone_pickaxe":1,"minecraft:wooden_pickaxe":1,"minecraft:white_wool":1,"minecraft:bone":1},"minecraft:crafted":{"minecraft:oak_planks":20,"minecraft:crafting_table":2,"minecraft:wooden_pickaxe":1,"minecraft:stick":16,"minecraft:stone_pickaxe":2,"minecraft:stone_sword":1,"minecraft:torch":48},"minecraft:broken":{"minecraft:stone_pickaxe":1},"minecraft:killed":{"minecraft:skeleton":2,"minecraft:zombie":2,"minecraft:chicken":1,"minecraft:cow":1},"minecraft:custom":{"minecraft:interact_with_furnace":4,"minecraft:mob_kills":12,"minecraft:play_record":1,"minecraft:interact_with_crafting_table":9,"minecraft:leave_game":2,"minecraft:time_since_death":1308,"minecraft:sleep_in_bed":4,"minecraft:climb_one_cm":1426,"minecraft:time_since_rest":1352,"minecraft:sprint_one_cm":283976,"minecraft:damage_taken":1821,"minecraft:walk_one_cm":336465,"minecraft:damage_blocked_by_shield":1050,"minecraft:drop":15,"minecraft:damage_dealt":1294,"minecraft:swim_one_cm":8425,"minecraft:fly_one_cm":343485,"minecraft:open_chest":18,"minecraft:crouch_one_cm":1251,"minecraft:play_time":76507,"minecraft:deaths":4,"minecraft:sneak_time":343,"minecraft:walk_under_water_one_cm":8032,"minecraft:interact_with_brewingstand":2,"minecraft:jump":1691,"minecraft:walk_on_water_one_cm":8937,"minecraft:total_world_time":76507,"minecraft:fall_one_cm":45997},"minecraft:picked_up":{"minecraft:crafting_table":5,"minecraft:cooked_beef":36,"minecraft:chicken":4,"minecraft:andesite":1,"minecraft:leather_leggings":6,"minecraft:leather":55,"minecraft:wooden_pickaxe":2,"minecraft:potion":3,"minecraft:flint":2,"minecraft:oak_log":34,"minecraft:yellow_bed":5,"minecraft:shield":3,"minecraft:string":4,"minecraft:dirt":66,"minecraft:raw_copper":8,"minecraft:iron_axe":3,"minecraft:wooden_sword":1,"minecraft:cooked_mutton":2,"minecraft:bone":4,"minecraft:apple":1,"minecraft:stone_bricks":7,"minecraft:wheat_seeds":22,"minecraft:beef":12,"minecraft:music_disc_far":1,"minecraft:stone_pickaxe":5,"minecraft:player_head":9,"minecraft:poppy":2,"minecraft:sugar_cane":41,"minecraft:chest":2,"minecraft:oak_planks":98,"minecraft:furnace":4,"minecraft:raw_iron":16,"minecraft:stick":65,"minecraft:pumpkin":8,"minecraft:torch":161,"minecraft:dandelion":2,"minecraft:gravel":2,"minecraft:cookie":1,"minecraft:blast_furnace":3,"minecraft:dark_oak_log":20,"minecraft:stone_sword":7,"minecraft:arrow":3,"minecraft:stone_shovel":2,"minecraft:rotten_flesh":35,"minecraft:cooked_cod":3,"minecraft:hay_block":28,"minecraft:gray_wool":2,"minecraft:emerald":14,"minecraft:coal":99,"minecraft:white_wool":2,"minecraft:cobblestone":650}},"DataVersion":3465}