{"stats":{"minecraft:picked_up":{"minecraft:charcoal":2,"minecraft:crafting_table":6,"minecraft:wheat":5,"minecraft:azure_bluet":2,"minecraft:chicken":1,"minecraft:flower_pot":1,"minecraft:clay_ball":64,"minecraft:leather_leggings":1,"minecraft:wooden_pickaxe":1,"minecraft:shield":1,"minecraft:cornflower":13,"minecraft:white_carpet":28,"minecraft:bucket":3,"minecraft:beef":105,"minecraft:player_head":8,"minecraft:poppy":8,"minecraft:iron_pickaxe":1,"minecraft:chest":9,"minecraft:spruce_trapdoor":75,"minecraft:egg":5,"minecraft:furnace":2,"minecraft:spruce_pressure_plate":6,"minecraft:stick":17,"minecraft:oak_door":10,"minecraft:oak_fence":3,"minecraft:torch":31,"minecraft:spruce_fence":32,"minecraft:porkchop":42,"minecraft:carrot":91,"minecraft:redstone":33,"minecraft:stone_sword":3,"minecraft:arrow":1,"minecraft:stone_shovel":1,"minecraft:peony":4,"minecraft:blue_dye":14,"minecraft:mutton":78,"minecraft:white_wool":68,"minecraft:cobblestone":349,"minecraft:oxeye_daisy":7,"minecraft:birch_log":9,"minecraft:leather_chestplate":1,"minecraft:lilac":6,"minecraft:water_bucket":3,"minecraft:brown_wool":1,"minecraft:leather":44,"minecraft:yellow_dye":4,"minecraft:smoker":2,"minecraft:red_mushroom":8,"minecraft:potato":24,"minecraft:light_gray_dye":5,"minecraft:oak_log":78,"minecraft:cobblestone_wall":57,"minecraft:cobblestone_stairs":24,"minecraft:stripped_birch_log":4,"minecraft:blue_bed":3,"minecraft:dirt":478,"minecraft:leather_boots":1,"minecraft:purple_carpet":43,"minecraft:red_carpet":5,"minecraft:glass":39,"minecraft:bone":1,"minecraft:wheat_seeds":211,"minecraft:iron_ingot":39,"minecraft:stone_hoe":1,"minecraft:oak_planks":41,"minecraft:sweet_berries":3,"minecraft:dandelion":14,"minecraft:poisonous_potato":1,"minecraft:spruce_sapling":1,"minecraft:spruce_log":6,"minecraft:loom":3,"minecraft:lily_of_the_valley":5,"minecraft:barrel":9,"minecraft:leather_helmet":1,"minecraft:spruce_door":6,"minecraft:mossy_cobblestone":87,"minecraft:spruce_fence_gate":2,"minecraft:purple_bed":3,"minecraft:yellow_carpet":2,"minecraft:stone_axe":2,"minecraft:oak_sapling":6,"minecraft:black_wool":2,"minecraft:coal":29},"minecraft:used":{"minecraft:oak_fence":6,"minecraft:stone_sword":94,"minecraft:stone_shovel":454,"minecraft:poppy":2,"minecraft:chest":9,"minecraft:shield":8,"minecraft:player_head":2,"minecraft:stone_hoe":29,"minecraft:cooked_chicken":1,"minecraft:oak_door":12,"minecraft:torch":25,"minecraft:dirt":125,"minecraft:white_carpet":40,"minecraft:cobblestone_wall":35,"minecraft:carrot":40,"minecraft:yellow_carpet":3,"minecraft:spruce_fence":51,"minecraft:glass":1,"minecraft:barrel":15,"minecraft:red_carpet":6,"minecraft:furnace":3,"minecraft:oak_sapling":4,"minecraft:egg":5,"minecraft:cooked_beef":12,"minecraft:wheat_seeds":16,"minecraft:cooked_mutton":5,"minecraft:water_bucket":1,"minecraft:cobblestone_stairs":6,"minecraft:stone_pickaxe":11,"minecraft:oak_planks":55,"minecraft:wooden_pickaxe":41,"minecraft:spruce_fence_gate":4,"minecraft:blue_bed":3,"minecraft:white_wool":34,"minecraft:mossy_cobblestone":30,"minecraft:crafting_table":6,"minecraft:loom":2,"minecraft:red_mushroom":1,"minecraft:smoker":3,"minecraft:oak_log":28,"minecraft:wooden_hoe":59,"minecraft:flower_pot":5,"minecraft:oxeye_daisy":1,"minecraft:spruce_pressure_plate":6,"minecraft:bread":1,"minecraft:iron_pickaxe":231,"minecraft:spruce_trapdoor":39,"minecraft:spruce_sapling":1,"minecraft:stone_axe":392,"minecraft:blue_carpet":3,"minecraft:cobblestone":97,"minecraft:purple_bed":3,"minecraft:cooked_porkchop":2,"minecraft:bucket":3,"minecraft:glass_pane":19,"minecraft:purple_carpet":22},"minecraft:mined":{"minecraft:red_carpet":5,"minecraft:oak_sapling":2,"minecraft:mossy_cobblestone":60,"minecraft:oak_door":6,"minecraft:cobblestone_stairs":15,"minecraft:stripped_birch_log":4,"minecraft:spruce_trapdoor":75,"minecraft:spruce_fence":30,"minecraft:grass_block":302,"minecraft:yellow_carpet":2,"minecraft:spruce_leaves":3,"minecraft:red_mushroom":6,"minecraft:oxeye_daisy":6,"minecraft:large_fern":2,"minecraft:furnace":2,"minecraft:carrots":18,"minecraft:barrel":9,"minecraft:peony":4,"minecraft:potatoes":7,"minecraft:vine":5,"minecraft:purple_carpet":33,"minecraft:spruce_pressure_plate":2,"minecraft:stone":67,"minecraft:player_head":1,"minecraft:white_wool":26,"minecraft:glass_pane":5,"minecraft:player_wall_head":1,"minecraft:lily_of_the_valley":5,"minecraft:smoker":2,"minecraft:oak_fence":3,"minecraft:spruce_door":6,"minecraft:dandelion":8,"minecraft:clay":16,"minecraft:crafting_table":5,"minecraft:cornflower":10,"minecraft:torch":10,"minecraft:poppy":7,"minecraft:chest":9,"minecraft:campfire":1,"minecraft:glass":1,"minecraft:tall_grass":74,"minecraft:cobblestone":58,"minecraft:oak_planks":11,"minecraft:wall_torch":4,"minecraft:blue_bed":3,"minecraft:purple_bed":3,"minecraft:cobblestone_wall":37,"minecraft:birch_log":9,"minecraft:sweet_berry_bush":1,"minecraft:wheat":7,"minecraft:lilac":6,"minecraft:white_carpet":25,"minecraft:spruce_log":7,"minecraft:birch_leaves":25,"minecraft:grass":901,"minecraft:potted_azure_bluet":1,"minecraft:oak_log":78,"minecraft:coal_ore":19,"minecraft:loom":3,"minecraft:dirt":30,"minecraft:spruce_fence_gate":2,"minecraft:oak_leaves":35,"minecraft:fern":2},"minecraft:broken":{"minecraft:stone_axe":2,"minecraft:wooden_hoe":1,"minecraft:stone_shovel":3},"minecraft:killed":{"minecraft:horse":10,"minecraft:skeleton":1,"minecraft:chicken":1,"minecraft:pig":11,"minecraft:sheep":28,"minecraft:trader_llama":2,"minecraft:cow":28},"minecraft:crafted":{"minecraft:brick":34,"minecraft:oak_door":3,"minecraft:oak_planks":164,"minecraft:barrel":6,"minecraft:stone_shovel":4,"minecraft:leather_leggings":3,"minecraft:leather_boots":3,"minecraft:cooked_chicken":1,"minecraft:birch_slab":24,"minecraft:furnace":2,"minecraft:spruce_fence":21,"minecraft:pink_dye":8,"minecraft:white_carpet":24,"minecraft:cooked_mutton":41,"minecraft:glass_pane":32,"minecraft:iron_boots":1,"minecraft:iron_axe":1,"minecraft:stone_pickaxe":1,"minecraft:cobblestone_wall":18,"minecraft:chest":2,"minecraft:stone_hoe":1,"minecraft:magenta_dye":12,"minecraft:oak_fence":3,"minecraft:flower_pot":5,"minecraft:smoker":1,"minecraft:cooked_beef":58,"minecraft:red_dye":2,"minecraft:oak_slab":12,"minecraft:cooked_porkchop":22,"minecraft:crafting_table":2,"minecraft:iron_helmet":1,"minecraft:spruce_planks":24,"minecraft:wooden_pickaxe":1,"minecraft:yellow_carpet":2,"minecraft:iron_sword":1,"minecraft:leather_helmet":5,"minecraft:bucket":1,"minecraft:birch_planks":36,"minecraft:red_carpet":2,"minecraft:stone_axe":4,"minecraft:bread":1,"minecraft:air":0,"minecraft:blue_dye":7,"minecraft:oak_boat":1,"minecraft:iron_chestplate":1,"minecraft:wooden_hoe":1,"minecraft:yellow_dye":6,"minecraft:shield":1,"minecraft:white_dye":5,"minecraft:stick":64,"minecraft:leather_chestplate":4,"minecraft:iron_pickaxe":2,"minecraft:stone_sword":2,"minecraft:iron_leggings":1,"minecraft:light_gray_dye":5,"minecraft:spruce_fence_gate":2,"minecraft:torch":4,"minecraft:blue_carpet":5},"minecraft:dropped":{"minecraft:wheat_seeds":33,"minecraft:leather":11,"minecraft:dirt":9,"minecraft:blue_dye":7,"minecraft:cornflower":1,"minecraft:brown_wool":1,"minecraft:bucket":1,"minecraft:stone_axe":1,"minecraft:sweet_berries":3,"minecraft:stone_sword":2,"minecraft:poppy":1,"minecraft:wooden_pickaxe":2,"minecraft:stone_pickaxe":1,"minecraft:black_wool":2},"minecraft:killed_by":{"minecraft:phantom":1},"minecraft:custom":{"minecraft:mob_kills":82,"minecraft:interact_with_crafting_table":55,"minecraft:open_barrel":131,"minecraft:bell_ring":5,"minecraft:leave_game":1,"minecraft:time_since_death":56811,"minecraft:climb_one_cm":1472,"minecraft:sprint_one_cm":468969,"minecraft:walk_one_cm":721790,"minecraft:damage_blocked_by_shield":510,"minecraft:drop":23,"minecraft:play_time":187957,"minecraft:deaths":1,"minecraft:sneak_time":4672,"minecraft:walk_under_water_one_cm":17618,"minecraft:jump":2611,"minecraft:walk_on_water_one_cm":12511,"minecraft:total_world_time":187957,"minecraft:interact_with_furnace":43,"minecraft:pot_flower":6,"minecraft:sleep_in_bed":3,"minecraft:time_since_rest":17670,"minecraft:damage_taken":995,"minecraft:damage_dealt":9103,"minecraft:swim_one_cm":54115,"minecraft:fly_one_cm":579544,"minecraft:open_chest":108,"minecraft:crouch_one_cm":12796,"minecraft:interact_with_smoker":11,"minecraft:fall_one_cm":53905}},"DataVersion":3465}