{"stats":{"minecraft:mined":{"minecraft:tall_grass":2,"minecraft:grass":11},"minecraft:used":{"minecraft:cornflower":1},"minecraft:picked_up":{"minecraft:cornflower":1,"minecraft:wheat_seeds":2},"minecraft:killed_by":{"minecraft:player":1},"minecraft:custom":{"minecraft:jump":119,"minecraft:leave_game":1,"minecraft:time_since_rest":725,"minecraft:deaths":1,"minecraft:damage_dealt":205,"minecraft:walk_on_water_one_cm":186,"minecraft:sprint_one_cm":16605,"minecraft:play_time":3914,"minecraft:damage_taken":242,"minecraft:time_since_death":671,"minecraft:walk_one_cm":7994,"minecraft:sneak_time":65,"minecraft:climb_one_cm":173,"minecraft:total_world_time":3914,"minecraft:drop":1,"minecraft:fall_one_cm":2652,"minecraft:fly_one_cm":31405},"minecraft:dropped":{"minecraft:wheat_seeds":1}},"DataVersion":3465}