{"stats":{"minecraft:broken":{"minecraft:leather_helmet":1,"minecraft:iron_shovel":3,"minecraft:wooden_pickaxe":1,"minecraft:stone_pickaxe":2,"minecraft:iron_sword":2,"minecraft:iron_pickaxe":1},"minecraft:dropped":{"minecraft:water_bucket":2,"minecraft:iron_sword":2,"minecraft:brown_mushroom":2,"minecraft:porkchop":19,"minecraft:wheat_seeds":14,"minecraft:golden_helmet":2,"minecraft:oak_log":1,"minecraft:baked_potato":4,"minecraft:mossy_cobblestone":24,"minecraft:feather":2,"minecraft:iron_helmet":2,"minecraft:cobblestone":1,"minecraft:copper_ingot":24,"minecraft:red_mushroom":2,"minecraft:torch":3,"minecraft:dried_kelp":2,"minecraft:iron_pickaxe":1,"minecraft:furnace":1,"minecraft:cobbled_deepslate":12,"minecraft:rotten_flesh":7,"minecraft:wither_skeleton_skull":1,"minecraft:oak_planks":1,"minecraft:tipped_arrow":1,"minecraft:gunpowder":4,"minecraft:mossy_stone_bricks":2,"minecraft:hopper":2,"minecraft:stone_bricks":18,"minecraft:bow":4,"minecraft:stone_pickaxe":1},"minecraft:killed_by":{"minecraft:player":1,"minecraft:enderman":1,"minecraft:zombie":4},"minecraft:crafted":{"minecraft:oak_planks":76,"minecraft:furnace":2,"minecraft:hopper":1,"minecraft:iron_boots":1,"minecraft:stone_pickaxe":3,"minecraft:chest":3,"minecraft:crafting_table":3,"minecraft:wooden_pickaxe":1,"minecraft:baked_potato":20,"minecraft:iron_helmet":1,"minecraft:iron_sword":3,"minecraft:copper_ingot":92,"minecraft:bucket":1,"minecraft:air":0,"minecraft:iron_chestplate":1,"minecraft:shield":1,"minecraft:stick":60,"minecraft:iron_ingot":45,"minecraft:iron_pickaxe":1,"minecraft:stone_sword":1,"minecraft:iron_shovel":2,"minecraft:gold_ingot":26,"minecraft:iron_leggings":1,"minecraft:torch":164},"minecraft:killed":{"minecraft:spider":3,"minecraft:vindicator":1,"minecraft:zombie_horse":1,"minecraft:skeleton":12,"minecraft:silverfish":4,"minecraft:husk":2,"minecraft:creeper":2,"minecraft:zombie":36,"minecraft:wither_skeleton":1},"minecraft:mined":{"minecraft:tuff":1,"minecraft:mossy_cobblestone":1,"minecraft:granite":3,"minecraft:grass_block":382,"minecraft:red_mushroom":1,"minecraft:furnace":1,"minecraft:iron_ore":3,"minecraft:cobbled_deepslate":19,"minecraft:deepslate_lapis_ore":6,"minecraft:potatoes":7,"minecraft:deepslate_iron_ore":40,"minecraft:vine":9,"minecraft:dirt_path":4,"minecraft:stone":162,"minecraft:deepslate_redstone_ore":13,"minecraft:soul_sand":1,"minecraft:cornflower":1,"minecraft:crafting_table":1,"minecraft:torch":3,"minecraft:chest":1,"minecraft:cobblestone":6,"minecraft:copper_ore":27,"minecraft:tall_grass":17,"minecraft:deepslate_gold_ore":17,"minecraft:diorite":35,"minecraft:wall_torch":3,"minecraft:grass":60,"minecraft:oak_log":24,"minecraft:coal_ore":79,"minecraft:gravel":4,"minecraft:dirt":171,"minecraft:stone_bricks":1,"minecraft:gold_ore":6,"minecraft:oak_leaves":1,"minecraft:deepslate":171},"minecraft:custom":{"minecraft:mob_kills":66,"minecraft:inspect_hopper":4,"minecraft:interact_with_crafting_table":33,"minecraft:open_barrel":1,"minecraft:leave_game":2,"minecraft:time_since_death":49002,"minecraft:climb_one_cm":18454,"minecraft:sprint_one_cm":409191,"minecraft:walk_one_cm":599469,"minecraft:damage_blocked_by_shield":660,"minecraft:drop":49,"minecraft:play_time":163963,"minecraft:sneak_time":3640,"minecraft:deaths":6,"minecraft:walk_under_water_one_cm":13565,"minecraft:jump":2447,"minecraft:walk_on_water_one_cm":74624,"minecraft:total_world_time":163963,"minecraft:interact_with_furnace":58,"minecraft:time_since_rest":49027,"minecraft:damage_taken":3867,"minecraft:damage_dealt":12661,"minecraft:swim_one_cm":52291,"minecraft:fly_one_cm":276158,"minecraft:open_chest":42,"minecraft:crouch_one_cm":8895,"minecraft:fall_one_cm":31654},"minecraft:used":{"minecraft:stone_sword":19,"minecraft:iron_shovel":575,"minecraft:chest":3,"minecraft:shield":15,"minecraft:iron_sword":519,"minecraft:torch":159,"minecraft:dirt":56,"minecraft:soul_sand":1,"minecraft:granite":3,"minecraft:iron_axe":1,"minecraft:bow":2,"minecraft:furnace":3,"minecraft:oak_sapling":1,"minecraft:skeleton_skull":1,"minecraft:egg":3,"minecraft:potato":5,"minecraft:cobbled_deepslate":115,"minecraft:water_bucket":8,"minecraft:diorite":28,"minecraft:stone_pickaxe":285,"minecraft:baked_potato":55,"minecraft:wooden_pickaxe":59,"minecraft:crafting_table":4,"minecraft:cornflower":1,"minecraft:diamond_shovel":1,"minecraft:iron_pickaxe":250,"minecraft:cobblestone":123,"minecraft:bucket":9},"minecraft:picked_up":{"minecraft:crafting_table":1,"minecraft:clay_ball":4,"minecraft:brown_mushroom":3,"minecraft:potion":1,"minecraft:cornflower":3,"minecraft:string":7,"minecraft:raw_copper":92,"minecraft:iron_axe":1,"minecraft:iron_shovel":1,"minecraft:cracked_stone_bricks":3,"minecraft:cobbled_deepslate":217,"minecraft:poppy":3,"minecraft:iron_pickaxe":2,"minecraft:chest":1,"minecraft:egg":3,"minecraft:furnace":2,"minecraft:tipped_arrow":1,"minecraft:golden_helmet":2,"minecraft:raw_iron":45,"minecraft:copper_ingot":24,"minecraft:torch":8,"minecraft:porkchop":19,"minecraft:dried_kelp":2,"minecraft:diorite":30,"minecraft:redstone":56,"minecraft:rotten_flesh":20,"minecraft:arrow":27,"minecraft:skeleton_skull":1,"minecraft:cobblestone":198,"minecraft:oxeye_daisy":2,"minecraft:feather":2,"minecraft:glow_ink_sac":2,"minecraft:water_bucket":1,"minecraft:red_mushroom":3,"minecraft:potato":26,"minecraft:flint":1,"minecraft:tuff":38,"minecraft:oak_log":25,"minecraft:gunpowder":9,"minecraft:wither_skeleton_skull":1,"minecraft:dirt":570,"minecraft:lapis_lazuli":33,"minecraft:bone":24,"minecraft:stone_bricks":19,"minecraft:bow":5,"minecraft:wheat_seeds":31,"minecraft:raw_gold":26,"minecraft:stone_pickaxe":1,"minecraft:mossy_stone_bricks":10,"minecraft:oak_planks":1,"minecraft:iron_sword":2,"minecraft:soul_sand":1,"minecraft:gravel":2,"minecraft:leather_helmet":1,"minecraft:mossy_cobblestone":27,"minecraft:diamond":11,"minecraft:iron_helmet":1,"minecraft:granite":3,"minecraft:diamond_axe":1,"minecraft:mossy_cobblestone_stairs":3,"minecraft:chainmail_helmet":1,"minecraft:emerald":1,"minecraft:baked_potato":20,"minecraft:oak_sapling":1,"minecraft:coal":79,"minecraft:hopper":1,"minecraft:ender_pearl":2}},"DataVersion":3465}