{"stats":{"minecraft:used":{"minecraft:wheat_seeds":15,"minecraft:stone_pickaxe":156,"minecraft:wooden_pickaxe":18,"minecraft:shield":35,"minecraft:iron_sword":17,"minecraft:player_head":3,"minecraft:oak_door":1,"minecraft:torch":43,"minecraft:dirt":3,"minecraft:crafting_table":3,"minecraft:bread":17,"minecraft:iron_pickaxe":71,"minecraft:wooden_sword":28,"minecraft:cobblestone":3,"minecraft:furnace":1,"minecraft:oak_sapling":1,"minecraft:egg":3,"minecraft:potato":1},"minecraft:killed_by":{"minecraft:skeleton":3,"minecraft:zombie":6},"minecraft:mined":{"minecraft:crafting_table":1,"minecraft:granite":32,"minecraft:grass_block":2,"minecraft:decorated_pot":1,"minecraft:cobblestone":4,"minecraft:tall_grass":2,"minecraft:wall_torch":1,"minecraft:hay_block":10,"minecraft:carrots":1,"minecraft:iron_ore":15,"minecraft:wheat":14,"minecraft:jukebox":1,"minecraft:andesite":24,"minecraft:yellow_bed":1,"minecraft:grass":6,"minecraft:potatoes":1,"minecraft:oak_log":38,"minecraft:coal_ore":54,"minecraft:dirt":4,"minecraft:stone":107,"minecraft:gold_ore":5,"minecraft:oak_leaves":8},"minecraft:dropped":{"minecraft:iron_sword":5,"minecraft:wheat_seeds":20,"minecraft:player_head":4,"minecraft:stone_sword":1,"minecraft:poppy":1,"minecraft:shield":1,"minecraft:stone_pickaxe":1,"minecraft:wooden_pickaxe":1},"minecraft:crafted":{"minecraft:cooked_beef":7,"minecraft:wooden_sword":1,"minecraft:oak_planks":68,"minecraft:cooked_porkchop":8,"minecraft:crafting_table":2,"minecraft:wooden_pickaxe":2,"minecraft:iron_sword":2,"minecraft:furnace":1,"minecraft:cooked_mutton":6,"minecraft:bread":33,"minecraft:air":0,"minecraft:iron_chestplate":1,"minecraft:shield":3,"minecraft:stick":56,"minecraft:iron_ingot":14,"minecraft:iron_pickaxe":1,"minecraft:stone_pickaxe":2,"minecraft:stone_sword":1,"minecraft:torch":96,"minecraft:wheat":90},"minecraft:killed":{"minecraft:pig":5,"minecraft:zombie_horse":1,"minecraft:creeper":1,"minecraft:sheep":3,"minecraft:skeleton":1,"minecraft:zombie":1,"minecraft:cow":4},"minecraft:custom":{"minecraft:interact_with_furnace":17,"minecraft:mob_kills":16,"minecraft:interact_with_crafting_table":20,"minecraft:open_barrel":5,"minecraft:leave_game":1,"minecraft:time_since_death":12344,"minecraft:climb_one_cm":354,"minecraft:time_since_rest":12382,"minecraft:sprint_one_cm":385392,"minecraft:damage_taken":2635,"minecraft:walk_one_cm":218145,"minecraft:damage_blocked_by_shield":1120,"minecraft:drop":15,"minecraft:damage_dealt":2003,"minecraft:swim_one_cm":49033,"minecraft:fly_one_cm":231948,"minecraft:open_chest":9,"minecraft:crouch_one_cm":82,"minecraft:play_time":79989,"minecraft:deaths":9,"minecraft:walk_under_water_one_cm":6673,"minecraft:sneak_time":37,"minecraft:interact_with_brewingstand":1,"minecraft:jump":1319,"minecraft:walk_on_water_one_cm":10391,"minecraft:total_world_time":79989,"minecraft:fall_one_cm":24128},"minecraft:picked_up":{"minecraft:crafting_table":1,"minecraft:shelter_pottery_sherd":1,"minecraft:iron_chestplate":2,"minecraft:wheat":16,"minecraft:feather":3,"minecraft:cooked_beef":3,"minecraft:nether_wart":3,"minecraft:magma_cream":2,"minecraft:clay_ball":2,"minecraft:burn_pottery_sherd":1,"minecraft:andesite":24,"minecraft:leather":13,"minecraft:wooden_pickaxe":3,"minecraft:potato":1,"minecraft:potion":1,"minecraft:oak_log":86,"minecraft:shield":2,"minecraft:brick":1,"minecraft:gunpowder":2,"minecraft:dirt":6,"minecraft:wooden_sword":3,"minecraft:bone":12,"minecraft:apple":4,"minecraft:wheat_seeds":37,"minecraft:raw_gold":5,"minecraft:music_disc_far":2,"minecraft:beef":30,"minecraft:iron_ingot":7,"minecraft:stone_pickaxe":5,"minecraft:player_head":14,"minecraft:light_gray_wool":4,"minecraft:poppy":2,"minecraft:glass_bottle":1,"minecraft:oak_planks":11,"minecraft:iron_sword":7,"minecraft:egg":3,"minecraft:ghast_tear":2,"minecraft:stick":19,"minecraft:raw_iron":16,"minecraft:cooked_porkchop":8,"minecraft:jukebox":2,"minecraft:oak_door":1,"minecraft:torch":61,"minecraft:porkchop":16,"minecraft:spruce_log":16,"minecraft:carrot":12,"minecraft:stone_sword":1,"minecraft:arrow":11,"minecraft:rotten_flesh":5,"minecraft:slime_ball":3,"minecraft:cooked_cod":2,"minecraft:hay_block":10,"minecraft:granite":31,"minecraft:bread":45,"minecraft:glistering_melon_slice":3,"minecraft:emerald":13,"minecraft:oak_sapling":1,"minecraft:mutton":24,"minecraft:coal":101,"minecraft:white_wool":8,"minecraft:cobblestone":131,"minecraft:heartbreak_pottery_sherd":1}},"DataVersion":3465}