{"stats":{"minecraft:used":{"minecraft:wheat_seeds":5,"minecraft:stone_pickaxe":49,"minecraft:wooden_pickaxe":5,"minecraft:shield":35,"minecraft:iron_sword":17,"minecraft:player_head":1,"minecraft:oak_door":1,"minecraft:torch":26,"minecraft:dirt":3,"minecraft:crafting_table":1,"minecraft:bread":16,"minecraft:cobblestone":3,"minecraft:oak_sapling":1,"minecraft:egg":2},"minecraft:killed_by":{"minecraft:skeleton":1,"minecraft:zombie":3},"minecraft:mined":{"minecraft:grass_block":2,"minecraft:decorated_pot":1,"minecraft:cobblestone":4,"minecraft:tall_grass":1,"minecraft:wall_torch":1,"minecraft:hay_block":10,"minecraft:carrots":1,"minecraft:iron_ore":1,"minecraft:wheat":4,"minecraft:jukebox":1,"minecraft:yellow_bed":1,"minecraft:grass":3,"minecraft:coal_ore":40,"minecraft:oak_log":10,"minecraft:dirt":1,"minecraft:stone":7,"minecraft:oak_leaves":8},"minecraft:dropped":{"minecraft:iron_sword":5,"minecraft:wheat_seeds":2,"minecraft:player_head":4,"minecraft:poppy":1,"minecraft:shield":1,"minecraft:wooden_pickaxe":1},"minecraft:crafted":{"minecraft:oak_planks":40,"minecraft:crafting_table":1,"minecraft:wooden_pickaxe":1,"minecraft:iron_sword":1,"minecraft:bread":30,"minecraft:shield":2,"minecraft:stick":32,"minecraft:stone_pickaxe":1,"minecraft:torch":60,"minecraft:wheat":90},"minecraft:killed":{"minecraft:zombie_horse":1,"minecraft:creeper":1,"minecraft:skeleton":1,"minecraft:zombie":1},"minecraft:custom":{"minecraft:interact_with_furnace":3,"minecraft:mob_kills":4,"minecraft:interact_with_crafting_table":5,"minecraft:open_barrel":5,"minecraft:leave_game":1,"minecraft:time_since_death":523,"minecraft:climb_one_cm":202,"minecraft:time_since_rest":581,"minecraft:sprint_one_cm":266781,"minecraft:damage_taken":1454,"minecraft:walk_one_cm":139771,"minecraft:damage_blocked_by_shield":1120,"minecraft:drop":12,"minecraft:damage_dealt":925,"minecraft:swim_one_cm":49033,"minecraft:fly_one_cm":167186,"minecraft:open_chest":9,"minecraft:crouch_one_cm":82,"minecraft:play_time":47298,"minecraft:deaths":4,"minecraft:sneak_time":34,"minecraft:walk_under_water_one_cm":6673,"minecraft:interact_with_brewingstand":1,"minecraft:jump":872,"minecraft:walk_on_water_one_cm":10391,"minecraft:total_world_time":47298,"minecraft:fall_one_cm":17520},"minecraft:picked_up":{"minecraft:shelter_pottery_sherd":1,"minecraft:iron_chestplate":2,"minecraft:wheat":6,"minecraft:feather":3,"minecraft:magma_cream":2,"minecraft:nether_wart":3,"minecraft:clay_ball":2,"minecraft:burn_pottery_sherd":1,"minecraft:leather":1,"minecraft:wooden_pickaxe":2,"minecraft:potion":1,"minecraft:oak_log":10,"minecraft:shield":2,"minecraft:brick":1,"minecraft:gunpowder":2,"minecraft:dirt":3,"minecraft:bone":12,"minecraft:apple":4,"minecraft:wheat_seeds":9,"minecraft:beef":9,"minecraft:iron_ingot":7,"minecraft:music_disc_far":2,"minecraft:stone_pickaxe":2,"minecraft:player_head":9,"minecraft:poppy":2,"minecraft:glass_bottle":1,"minecraft:oak_planks":6,"minecraft:iron_sword":7,"minecraft:egg":2,"minecraft:stick":15,"minecraft:ghast_tear":2,"minecraft:raw_iron":2,"minecraft:oak_door":1,"minecraft:jukebox":2,"minecraft:torch":43,"minecraft:porkchop":2,"minecraft:spruce_log":16,"minecraft:carrot":12,"minecraft:arrow":11,"minecraft:cooked_cod":2,"minecraft:rotten_flesh":5,"minecraft:slime_ball":3,"minecraft:hay_block":10,"minecraft:glistering_melon_slice":3,"minecraft:emerald":13,"minecraft:bread":45,"minecraft:oak_sapling":1,"minecraft:coal":74,"minecraft:cobblestone":13,"minecraft:heartbreak_pottery_sherd":1}},"DataVersion":3465}