{"stats":{"minecraft:used":{"minecraft:cooked_mutton":2,"minecraft:iron_shovel":8,"minecraft:stone_pickaxe":179,"minecraft:wooden_pickaxe":3,"minecraft:torch":59,"minecraft:dirt":3,"minecraft:crafting_table":2,"minecraft:bread":2,"minecraft:gray_candle":4,"minecraft:light_gray_wool":1,"minecraft:wooden_sword":1,"minecraft:stone_axe":174,"minecraft:cobblestone":95,"minecraft:purple_bed":2,"minecraft:smooth_stone_slab":3,"minecraft:egg":2},"minecraft:killed_by":{"minecraft:skeleton":1,"minecraft:witch":2,"minecraft:zombie":2},"minecraft:mined":{"minecraft:mossy_cobblestone":1,"minecraft:crafting_table":2,"minecraft:torch":3,"minecraft:granite":10,"minecraft:grass_block":4,"minecraft:tall_grass":6,"minecraft:cobblestone":34,"minecraft:sugar_cane":2,"minecraft:wall_torch":1,"minecraft:purple_bed":3,"minecraft:smooth_stone_slab":3,"minecraft:vine":2,"minecraft:grass":13,"minecraft:bookshelf":6,"minecraft:coal_ore":25,"minecraft:oak_log":26,"minecraft:zombie_head":7,"minecraft:dirt":1,"minecraft:stone":104,"minecraft:oak_leaves":7,"minecraft:gray_candle":1},"minecraft:dropped":{"minecraft:stone_axe":1,"minecraft:oak_planks":1,"minecraft:bow":1,"minecraft:wooden_pickaxe":2,"minecraft:spruce_sapling":2},"minecraft:crafted":{"minecraft:oak_planks":32,"minecraft:crafting_table":1,"minecraft:wooden_pickaxe":1,"minecraft:stone_axe":1,"minecraft:stick":48,"minecraft:stone_pickaxe":2,"minecraft:torch":56},"minecraft:broken":{"minecraft:stone_pickaxe":1},"minecraft:killed":{"minecraft:pig":2,"minecraft:witch":1,"minecraft:salmon":12,"minecraft:sheep":14,"minecraft:skeleton":2,"minecraft:zombie":32,"minecraft:chicken":2,"minecraft:cow":6},"minecraft:custom":{"minecraft:interact_with_furnace":1,"minecraft:mob_kills":72,"minecraft:interact_with_crafting_table":5,"minecraft:leave_game":2,"minecraft:time_since_death":4916,"minecraft:climb_one_cm":477,"minecraft:time_since_rest":4960,"minecraft:sprint_one_cm":124183,"minecraft:damage_taken":1205,"minecraft:walk_one_cm":64988,"minecraft:drop":6,"minecraft:damage_dealt":10368,"minecraft:swim_one_cm":34416,"minecraft:fly_one_cm":216417,"minecraft:open_chest":7,"minecraft:crouch_one_cm":10716,"minecraft:play_time":42454,"minecraft:deaths":5,"minecraft:sneak_time":7196,"minecraft:walk_under_water_one_cm":11837,"minecraft:jump":1083,"minecraft:walk_on_water_one_cm":9808,"minecraft:total_world_time":42454,"minecraft:fall_one_cm":24310},"minecraft:picked_up":{"minecraft:crafting_table":6,"minecraft:feather":2,"minecraft:cooked_beef":14,"minecraft:chicken":4,"minecraft:salmon":27,"minecraft:leather":16,"minecraft:wooden_pickaxe":4,"minecraft:potato":17,"minecraft:enchanted_book":2,"minecraft:flint":24,"minecraft:oak_log":87,"minecraft:dirt":3,"minecraft:string":24,"minecraft:wooden_sword":3,"minecraft:smooth_stone_slab":3,"minecraft:cooked_mutton":19,"minecraft:iron_shovel":4,"minecraft:bone":9,"minecraft:zombie_head":21,"minecraft:bow":2,"minecraft:wheat_seeds":5,"minecraft:beef":4,"minecraft:stone_pickaxe":4,"minecraft:iron_ingot":4,"minecraft:player_head":17,"minecraft:iron_nugget":6,"minecraft:light_gray_wool":1,"minecraft:gray_candle":4,"minecraft:sugar_cane":2,"minecraft:oak_planks":51,"minecraft:egg":4,"minecraft:book":90,"minecraft:stick":36,"minecraft:cooked_porkchop":4,"minecraft:torch":24,"minecraft:spruce_sapling":8,"minecraft:spruce_log":52,"minecraft:redstone":1,"minecraft:bundle":4,"minecraft:arrow":4,"minecraft:rotten_flesh":95,"minecraft:purple_bed":5,"minecraft:sugar":1,"minecraft:stone_axe":7,"minecraft:granite":30,"minecraft:saddle":2,"minecraft:bread":2,"minecraft:emerald":8,"minecraft:black_wool":1,"minecraft:mutton":7,"minecraft:coal":90,"minecraft:white_wool":16,"minecraft:cobblestone":203}},"DataVersion":3465}