{"stats":{"minecraft:used":{"minecraft:cooked_mutton":6,"minecraft:stone_sword":61,"minecraft:stone_pickaxe":133,"minecraft:oak_planks":37,"minecraft:wooden_pickaxe":10,"minecraft:torch":7,"minecraft:crafting_table":5,"minecraft:light_gray_wool":1,"minecraft:stone_axe":39,"minecraft:cobblestone":24,"minecraft:furnace":3,"minecraft:birch_log":1},"minecraft:killed":{"minecraft:spider":2,"minecraft:sheep":4,"minecraft:zombie":14,"minecraft:player":4},"minecraft:crafted":{"minecraft:oak_planks":64,"minecraft:crafting_table":1,"minecraft:wooden_pickaxe":1,"minecraft:iron_helmet":1,"minecraft:furnace":3,"minecraft:birch_planks":12,"minecraft:stone_axe":1,"minecraft:cooked_mutton":2,"minecraft:air":0,"minecraft:iron_boots":1,"minecraft:iron_chestplate":1,"minecraft:stick":16,"minecraft:iron_ingot":24,"minecraft:stone_pickaxe":2,"minecraft:stone_sword":1,"minecraft:iron_leggings":1,"minecraft:torch":20},"minecraft:custom":{"minecraft:interact_with_furnace":22,"minecraft:mob_kills":24,"minecraft:interact_with_crafting_table":13,"minecraft:leave_game":1,"minecraft:time_since_death":141,"minecraft:time_since_rest":169,"minecraft:sprint_one_cm":63679,"minecraft:damage_taken":2172,"minecraft:walk_one_cm":44271,"minecraft:drop":2,"minecraft:damage_dealt":3831,"minecraft:fly_one_cm":105067,"minecraft:player_kills":4,"minecraft:crouch_one_cm":6117,"minecraft:play_time":26258,"minecraft:deaths":6,"minecraft:sneak_time":3218,"minecraft:jump":801,"minecraft:walk_on_water_one_cm":1102,"minecraft:total_world_time":26258,"minecraft:fall_one_cm":39594},"minecraft:picked_up":{"minecraft:birch_log":34,"minecraft:iron_chestplate":2,"minecraft:crafting_table":6,"minecraft:wooden_pickaxe":2,"minecraft:birch_planks":6,"minecraft:oak_log":51,"minecraft:dirt":3,"minecraft:raw_copper":36,"minecraft:iron_leggings":2,"minecraft:bone":3,"minecraft:stone_pickaxe":3,"minecraft:player_head":9,"minecraft:light_gray_wool":3,"minecraft:birch_sapling":9,"minecraft:oak_planks":2,"minecraft:iron_boots":2,"minecraft:furnace":9,"minecraft:stick":12,"minecraft:raw_iron":25,"minecraft:torch":26,"minecraft:spider_eye":3,"minecraft:stone_sword":3,"minecraft:rotten_flesh":22,"minecraft:stone_axe":3,"minecraft:iron_helmet":2,"minecraft:gray_wool":3,"minecraft:oak_sapling":5,"minecraft:mutton":6,"minecraft:coal":126,"minecraft:white_wool":6,"minecraft:cobblestone":144},"minecraft:broken":{"minecraft:stone_pickaxe":1},"minecraft:mined":{"minecraft:crafting_table":4,"minecraft:grass_block":1,"minecraft:furnace":3,"minecraft:birch_log":14,"minecraft:iron_ore":24,"minecraft:birch_leaves":4,"minecraft:oak_log":16,"minecraft:coal_ore":35,"minecraft:stone":73,"minecraft:oak_leaves":3},"minecraft:killed_by":{"minecraft:player":2,"minecraft:zombie":2},"minecraft:dropped":{"minecraft:coal":11,"minecraft:stick":1}},"DataVersion":3465}