{"stats":{"minecraft:dropped":{"minecraft:poisonous_potato":2,"minecraft:ink_sac":2,"minecraft:cornflower":1,"minecraft:potion":2,"minecraft:lily_pad":5,"minecraft:skull_pottery_sherd":1,"minecraft:redstone":33,"minecraft:cobbled_deepslate":1,"universal_graves:grave_compass":1,"minecraft:azure_bluet":1,"minecraft:potato":64,"minecraft:brick":3},"minecraft:broken":{"minecraft:leather_helmet":1,"minecraft:wooden_shovel":4,"minecraft:chainmail_leggings":1,"minecraft:stone_sword":1,"minecraft:leather_chestplate":1,"minecraft:wooden_pickaxe":2,"minecraft:stone_pickaxe":11,"minecraft:stone_axe":1,"minecraft:iron_pickaxe":3,"minecraft:wooden_hoe":1,"minecraft:stone_shovel":3},"minecraft:killed_by":{"minecraft:skeleton":7,"minecraft:blaze":3,"minecraft:zombie":4,"minecraft:illusioner":1},"minecraft:crafted":{"minecraft:oak_planks":116,"minecraft:stone_shovel":6,"minecraft:oak_sign":3,"minecraft:birch_boat":1,"minecraft:furnace":2,"minecraft:ladder":9,"minecraft:stone_pickaxe":11,"minecraft:chest":4,"minecraft:oak_fence":6,"minecraft:wooden_shovel":6,"minecraft:crafting_table":2,"minecraft:spruce_planks":12,"minecraft:wooden_pickaxe":2,"minecraft:baked_potato":447,"minecraft:birch_planks":12,"minecraft:air":0,"minecraft:wooden_hoe":2,"minecraft:charcoal":61,"minecraft:diamond_pickaxe":1,"minecraft:stick":104,"minecraft:iron_ingot":5,"minecraft:iron_pickaxe":1,"minecraft:white_bed":1,"minecraft:torch":32},"minecraft:killed":{"minecraft:skeleton_horse":1,"minecraft:wandering_trader":1,"minecraft:sheep":2,"minecraft:trader_llama":1,"minecraft:zombie":1},"minecraft:mined":{"minecraft:nether_gold_ore":9,"minecraft:diamond_ore":1,"minecraft:tuff":68,"minecraft:white_bed":1,"minecraft:deepslate_diamond_ore":15,"minecraft:obsidian":20,"minecraft:granite":36,"minecraft:ladder":2,"minecraft:nether_bricks":3,"minecraft:red_sand":14,"minecraft:grass_block":307,"minecraft:decorated_pot":1,"minecraft:spruce_leaves":127,"minecraft:moss_block":1,"minecraft:tall_seagrass":18,"minecraft:magma_block":76,"minecraft:red_sandstone":13,"minecraft:iron_ore":4,"minecraft:fire":5,"minecraft:cobbled_deepslate":10,"minecraft:andesite":24,"minecraft:vine":4,"minecraft:potatoes":434,"minecraft:deepslate_iron_ore":3,"minecraft:stone":433,"minecraft:player_head":2,"minecraft:white_wool":1,"minecraft:deepslate_redstone_ore":11,"minecraft:soul_sand":3,"minecraft:blackstone":103,"minecraft:player_wall_head":3,"minecraft:basalt":443,"minecraft:cornflower":2,"minecraft:torch":14,"minecraft:dead_bush":1,"minecraft:cobblestone":11,"minecraft:copper_ore":7,"minecraft:nether_quartz_ore":5,"minecraft:tall_grass":11,"minecraft:oak_planks":1,"minecraft:diorite":40,"minecraft:wall_torch":22,"minecraft:seagrass":11,"minecraft:birch_log":3,"minecraft:spruce_log":19,"minecraft:birch_leaves":1,"minecraft:grass":206,"minecraft:oak_log":100,"minecraft:coal_ore":11,"minecraft:zombie_head":1,"minecraft:gravel":13,"minecraft:sand":2,"minecraft:dirt":510,"minecraft:cobweb":2,"minecraft:smooth_basalt":2,"minecraft:netherrack":295,"minecraft:oak_leaves":213,"minecraft:deepslate":964,"minecraft:fern":1},"minecraft:custom":{"minecraft:mob_kills":13,"minecraft:animals_bred":7,"minecraft:interact_with_crafting_table":40,"minecraft:open_barrel":8,"minecraft:damage_dealt_resisted":74,"minecraft:leave_game":6,"minecraft:time_since_death":50318,"minecraft:climb_one_cm":12948,"minecraft:sprint_one_cm":1706651,"minecraft:walk_one_cm":1562219,"minecraft:drop":19,"minecraft:talked_to_villager":3,"minecraft:play_time":481929,"minecraft:deaths":19,"minecraft:sneak_time":7528,"minecraft:walk_under_water_one_cm":28592,"minecraft:boat_one_cm":247476,"minecraft:jump":8571,"minecraft:interact_with_blast_furnace":1,"minecraft:walk_on_water_one_cm":48714,"minecraft:total_world_time":481929,"minecraft:interact_with_furnace":142,"minecraft:interact_with_loom":1,"minecraft:sleep_in_bed":16,"minecraft:time_since_rest":34809,"minecraft:damage_taken":7561,"minecraft:damage_dealt":860,"minecraft:swim_one_cm":145767,"minecraft:fly_one_cm":904402,"minecraft:open_chest":204,"minecraft:crouch_one_cm":20287,"minecraft:fall_one_cm":130214,"minecraft:horse_one_cm":625},"minecraft:used":{"minecraft:moss_block":1,"minecraft:oak_fence":6,"minecraft:stone_sword":33,"minecraft:iron_shovel":35,"minecraft:flint_and_steel":1,"minecraft:stone_shovel":430,"minecraft:ladder":8,"minecraft:oak_sign":1,"minecraft:chest":4,"minecraft:iron_sword":8,"minecraft:player_head":9,"minecraft:cooked_chicken":1,"minecraft:wooden_shovel":278,"minecraft:rotten_flesh":2,"minecraft:netherrack":23,"minecraft:iron_chestplate":2,"minecraft:torch":69,"minecraft:soul_sand":3,"minecraft:dirt":260,"minecraft:mutton":2,"minecraft:tuff":26,"minecraft:granite":3,"minecraft:obsidian":10,"minecraft:lava_bucket":1,"minecraft:basalt":62,"minecraft:magma_block":25,"minecraft:furnace":2,"minecraft:oak_sapling":17,"minecraft:egg":91,"minecraft:potato":504,"minecraft:cobbled_deepslate":183,"minecraft:water_bucket":32,"minecraft:diorite":28,"minecraft:leather_leggings":2,"minecraft:stone_pickaxe":1363,"minecraft:baked_potato":82,"minecraft:blackstone":5,"minecraft:birch_boat":2,"minecraft:wooden_pickaxe":119,"minecraft:cookie":1,"minecraft:crafting_table":2,"minecraft:white_bed":1,"minecraft:wooden_hoe":60,"minecraft:apple":1,"minecraft:diamond_pickaxe":26,"minecraft:cornflower":2,"minecraft:zombie_head":1,"minecraft:iron_pickaxe":1117,"minecraft:spruce_sapling":10,"minecraft:gravel":1,"minecraft:stone_axe":116,"minecraft:potion":1,"minecraft:cobblestone":40,"minecraft:poisonous_potato":3,"minecraft:bucket":34},"minecraft:picked_up":{"minecraft:iron_chestplate":2,"minecraft:azure_bluet":1,"minecraft:ladder":2,"minecraft:leather_leggings":2,"minecraft:lead":13,"minecraft:wooden_pickaxe":1,"minecraft:potion":1,"minecraft:brick":3,"minecraft:cornflower":3,"minecraft:string":2,"minecraft:raw_copper":42,"minecraft:iron_shovel":4,"minecraft:zombie_head":1,"minecraft:blackstone":103,"minecraft:red_sand":14,"minecraft:gold_nugget":34,"minecraft:cobbled_deepslate":972,"minecraft:bucket":4,"minecraft:player_head":8,"minecraft:wooden_shovel":1,"minecraft:poppy":2,"minecraft:iron_pickaxe":3,"minecraft:egg":91,"minecraft:stick":31,"minecraft:raw_iron":7,"minecraft:torch":48,"minecraft:skull_pottery_sherd":1,"minecraft:diorite":40,"minecraft:redstone":52,"minecraft:stone_sword":1,"minecraft:arrow":6,"minecraft:rotten_flesh":3,"minecraft:stone_shovel":1,"minecraft:nether_bricks":3,"minecraft:mutton":2,"minecraft:obsidian":20,"minecraft:white_wool":3,"minecraft:cobblestone":478,"minecraft:birch_log":3,"minecraft:magma_block":60,"minecraft:basalt":437,"minecraft:andesite":24,"minecraft:leather":1,"minecraft:red_mushroom":1,"minecraft:potato":1059,"minecraft:flint":1,"minecraft:lily_pad":5,"minecraft:tuff":68,"minecraft:oak_log":100,"minecraft:dirt":938,"minecraft:bone":5,"minecraft:apple":2,"minecraft:red_sandstone":13,"minecraft:wheat_seeds":67,"minecraft:stone_pickaxe":1,"minecraft:moss_block":1,"minecraft:oak_planks":1,"minecraft:iron_sword":1,"minecraft:soul_sand":3,"minecraft:smooth_basalt":2,"minecraft:birch_boat":1,"minecraft:quartz":5,"minecraft:dandelion":4,"minecraft:poisonous_potato":5,"minecraft:gravel":11,"minecraft:spruce_sapling":10,"minecraft:ink_sac":2,"minecraft:white_bed":2,"minecraft:spruce_log":19,"minecraft:diamond":16,"minecraft:granite":36,"minecraft:oak_sapling":17,"minecraft:netherrack":290,"minecraft:coal":11}},"DataVersion":3465}