{"stats":{"minecraft:picked_up":{"minecraft:iron_chestplate":1,"minecraft:magma_block":2,"minecraft:azure_bluet":1,"minecraft:basalt":4,"minecraft:leather_leggings":2,"minecraft:wooden_pickaxe":1,"minecraft:potato":87,"minecraft:tuff":42,"minecraft:oak_log":25,"minecraft:cornflower":1,"minecraft:dirt":399,"minecraft:raw_copper":37,"minecraft:iron_shovel":2,"minecraft:bone":2,"minecraft:wheat_seeds":53,"minecraft:cobbled_deepslate":338,"minecraft:bucket":2,"minecraft:stone_pickaxe":1,"minecraft:player_head":8,"minecraft:wooden_shovel":1,"minecraft:poppy":2,"minecraft:iron_pickaxe":1,"minecraft:egg":3,"minecraft:stick":7,"minecraft:raw_iron":2,"minecraft:smooth_basalt":2,"minecraft:torch":8,"minecraft:dandelion":4,"minecraft:poisonous_potato":1,"minecraft:gravel":6,"minecraft:spruce_sapling":1,"minecraft:diorite":12,"minecraft:white_bed":2,"minecraft:spruce_log":5,"minecraft:redstone":33,"minecraft:rotten_flesh":1,"minecraft:stone_sword":1,"minecraft:stone_shovel":1,"minecraft:diamond":8,"minecraft:granite":5,"minecraft:oak_sapling":2,"minecraft:mutton":2,"minecraft:white_wool":3,"minecraft:cobblestone":151},"minecraft:used":{"minecraft:oak_fence":6,"minecraft:water_bucket":2,"minecraft:leather_leggings":2,"minecraft:stone_sword":5,"minecraft:iron_shovel":14,"minecraft:stone_pickaxe":308,"minecraft:baked_potato":8,"minecraft:chest":2,"minecraft:wooden_pickaxe":119,"minecraft:wooden_shovel":278,"minecraft:player_head":9,"minecraft:iron_chestplate":1,"minecraft:torch":19,"minecraft:dirt":134,"minecraft:mutton":2,"minecraft:crafting_table":1,"minecraft:white_bed":1,"minecraft:wooden_hoe":60,"minecraft:iron_pickaxe":132,"minecraft:spruce_sapling":1,"minecraft:gravel":1,"minecraft:magma_block":1,"minecraft:oak_sapling":2,"minecraft:bucket":2,"minecraft:egg":3,"minecraft:potato":83,"minecraft:cobbled_deepslate":18},"minecraft:mined":{"minecraft:deepslate_redstone_ore":7,"minecraft:tuff":42,"minecraft:white_bed":1,"minecraft:deepslate_diamond_ore":8,"minecraft:player_wall_head":3,"minecraft:basalt":4,"minecraft:torch":2,"minecraft:granite":5,"minecraft:grass_block":261,"minecraft:tall_grass":5,"minecraft:copper_ore":7,"minecraft:cobblestone":5,"minecraft:spruce_leaves":39,"minecraft:diorite":12,"minecraft:wall_torch":7,"minecraft:magma_block":2,"minecraft:cobbled_deepslate":6,"minecraft:spruce_log":5,"minecraft:grass":48,"minecraft:deepslate_iron_ore":2,"minecraft:potatoes":25,"minecraft:oak_log":25,"minecraft:vine":4,"minecraft:gravel":7,"minecraft:dirt":38,"minecraft:smooth_basalt":2,"minecraft:stone":116,"minecraft:player_head":2,"minecraft:white_wool":1,"minecraft:oak_leaves":60,"minecraft:deepslate":334},"minecraft:killed":{"minecraft:sheep":2,"minecraft:zombie":1},"minecraft:broken":{"minecraft:stone_pickaxe":3,"minecraft:wooden_shovel":4,"minecraft:wooden_hoe":1,"minecraft:wooden_pickaxe":2},"minecraft:crafted":{"minecraft:oak_planks":92,"minecraft:wooden_shovel":6,"minecraft:stone_shovel":1,"minecraft:crafting_table":1,"minecraft:spruce_planks":12,"minecraft:wooden_pickaxe":2,"minecraft:baked_potato":13,"minecraft:air":0,"minecraft:wooden_hoe":2,"minecraft:diamond_pickaxe":1,"minecraft:charcoal":4,"minecraft:stick":48,"minecraft:stone_pickaxe":3,"minecraft:chest":2,"minecraft:white_bed":1,"minecraft:torch":16,"minecraft:oak_fence":6},"minecraft:dropped":{"minecraft:cobbled_deepslate":1,"minecraft:poisonous_potato":1,"minecraft:azure_bluet":1,"minecraft:cornflower":1,"minecraft:redstone":33},"minecraft:killed_by":{"minecraft:zombie":3},"minecraft:custom":{"minecraft:interact_with_furnace":13,"minecraft:mob_kills":3,"minecraft:interact_with_crafting_table":18,"minecraft:interact_with_loom":1,"minecraft:leave_game":1,"minecraft:time_since_death":76926,"minecraft:sleep_in_bed":1,"minecraft:climb_one_cm":1620,"minecraft:time_since_rest":65553,"minecraft:sprint_one_cm":260202,"minecraft:damage_taken":1158,"minecraft:walk_one_cm":453562,"minecraft:drop":5,"minecraft:damage_dealt":348,"minecraft:swim_one_cm":28467,"minecraft:fly_one_cm":91974,"minecraft:open_chest":29,"minecraft:crouch_one_cm":2835,"minecraft:play_time":127445,"minecraft:deaths":4,"minecraft:sneak_time":1731,"minecraft:walk_under_water_one_cm":403,"minecraft:jump":1784,"minecraft:walk_on_water_one_cm":6778,"minecraft:total_world_time":127445,"minecraft:fall_one_cm":14325}},"DataVersion":3465}