{"stats":{"minecraft:killed_by":{"minecraft:wither":2,"minecraft:warden":1},"minecraft:dropped":{"minecraft:rotten_flesh":1},"minecraft:picked_up":{"minecraft:stick":4,"minecraft:wither_rose":3,"minecraft:porkchop":3,"minecraft:birch_stairs":4,"minecraft:oak_log":20,"minecraft:dirt":276,"minecraft:rotten_flesh":2,"minecraft:wheat_seeds":2,"minecraft:enchanted_golden_apple":1,"minecraft:oak_sapling":6,"minecraft:mutton":2,"minecraft:white_wool":1,"minecraft:egg":3},"minecraft:crafted":{"minecraft:oak_planks":12,"minecraft:crafting_table":1,"minecraft:oak_stairs":4},"minecraft:mined":{"minecraft:short_grass":9,"minecraft:oak_log":3},"minecraft:custom":{"minecraft:time_since_rest":2345,"minecraft:sprint_one_cm":107504,"minecraft:damage_absorbed":160,"minecraft:damage_taken":1685,"minecraft:walk_one_cm":33919,"minecraft:mob_kills":1,"minecraft:drop":1,"minecraft:damage_dealt":157,"minecraft:swim_one_cm":3233,"minecraft:interact_with_crafting_table":2,"minecraft:fly_one_cm":48208,"minecraft:crouch_one_cm":67,"minecraft:play_time":14388,"minecraft:deaths":5,"minecraft:sneak_time":10,"minecraft:walk_under_water_one_cm":1867,"minecraft:jump":353,"minecraft:leave_game":1,"minecraft:walk_on_water_one_cm":2406,"minecraft:time_since_death":2308,"minecraft:climb_one_cm":468,"minecraft:damage_resisted":101,"minecraft:total_world_time":14388,"minecraft:fall_one_cm":14146},"minecraft:killed":{"minecraft:zombie":1},"minecraft:used":{"minecraft:rotten_flesh":1,"minecraft:dirt":9,"minecraft:mutton":2,"minecraft:crafting_table":1,"minecraft:oak_sapling":2,"minecraft:porkchop":3,"minecraft:wither_rose":1,"minecraft:egg":3,"minecraft:enchanted_golden_apple":1}},"DataVersion":3839}