{"stats":{"minecraft:used":{"minecraft:wooden_sword":32,"minecraft:beef":2,"minecraft:crafting_table":1},"minecraft:killed":{"minecraft:zombie":2,"minecraft:cow":1},"minecraft:crafted":{"minecraft:wooden_sword":1,"minecraft:oak_planks":8,"minecraft:crafting_table":1,"minecraft:stick":4},"minecraft:picked_up":{"minecraft:wooden_sword":1,"minecraft:stick":3,"minecraft:leather":2,"minecraft:beef":4,"minecraft:oak_log":2},"minecraft:custom":{"minecraft:time_since_rest":2006,"minecraft:deaths":1,"minecraft:crouch_one_cm":196,"minecraft:play_time":6351,"minecraft:sprint_one_cm":22290,"minecraft:damage_taken":414,"minecraft:walk_one_cm":19677,"minecraft:sneak_time":23,"minecraft:walk_under_water_one_cm":3014,"minecraft:mob_kills":3,"minecraft:jump":149,"minecraft:damage_dealt":459,"minecraft:leave_game":1,"minecraft:walk_on_water_one_cm":197,"minecraft:time_since_death":1958,"minecraft:total_world_time":6351,"minecraft:interact_with_crafting_table":1,"minecraft:fall_one_cm":4452,"minecraft:fly_one_cm":20992,"minecraft:player_kills":1},"minecraft:killed_by":{"minecraft:zombie":1},"minecraft:mined":{"minecraft:oak_log":2,"minecraft:birch_leaves":1}},"DataVersion":3465}