{"stats":{"minecraft:killed_by":{"minecraft:skeleton":1,"minecraft:zombie":4},"minecraft:broken":{"minecraft:stone_pickaxe":1,"minecraft:shield":3},"minecraft:killed":{"minecraft:spider":1,"minecraft:zombie_horse":1,"minecraft:skeleton":2,"minecraft:chicken":1,"minecraft:pig":9,"minecraft:creeper":1,"minecraft:sheep":4,"minecraft:zombie":41,"minecraft:cow":1},"minecraft:picked_up":{"minecraft:crafting_table":2,"minecraft:iron_chestplate":6,"minecraft:wheat":8,"minecraft:clay_ball":72,"minecraft:leather_leggings":1,"minecraft:enchanted_book":10,"minecraft:stone_brick_stairs":2,"minecraft:shield":4,"minecraft:cornflower":2,"minecraft:string":2,"minecraft:raw_copper":28,"minecraft:iron_axe":1,"minecraft:wooden_sword":1,"minecraft:iron_leggings":8,"minecraft:iron_shovel":6,"minecraft:oak_sign":1,"minecraft:cracked_stone_bricks":1,"minecraft:netherite_sword":4,"minecraft:bucket":2,"minecraft:player_head":16,"minecraft:wooden_shovel":1,"minecraft:poppy":2,"minecraft:iron_pickaxe":11,"minecraft:sugar_cane":6,"minecraft:chest":3,"minecraft:iron_boots":3,"minecraft:egg":5,"minecraft:dark_oak_door":3,"minecraft:stick":34,"minecraft:raw_iron":82,"minecraft:stone":14,"minecraft:torch":16,"minecraft:porkchop":10,"minecraft:diorite":21,"minecraft:carrot":39,"minecraft:diamond_chestplate":3,"minecraft:stone_sword":3,"minecraft:arrow":13,"minecraft:rotten_flesh":80,"minecraft:stone_shovel":4,"minecraft:mutton":1,"minecraft:white_wool":7,"minecraft:cobblestone":463,"minecraft:birch_log":32,"minecraft:magma_block":2,"minecraft:cooked_beef":5,"minecraft:feather":1,"minecraft:basalt":9,"minecraft:water_bucket":4,"minecraft:andesite":1,"minecraft:leather":3,"minecraft:oak_log":94,"minecraft:gunpowder":1,"minecraft:lapis_lazuli":12,"minecraft:dirt":267,"minecraft:name_tag":1,"minecraft:cooked_mutton":5,"minecraft:glass":39,"minecraft:bone":18,"minecraft:stone_bricks":54,"minecraft:bow":1,"minecraft:wheat_seeds":40,"minecraft:iron_ingot":1,"minecraft:stone_pickaxe":2,"minecraft:cooked_chicken":1,"minecraft:mossy_stone_bricks":2,"minecraft:moss_block":1,"minecraft:iron_sword":1,"minecraft:oak_planks":47,"minecraft:music_disc_chirp":2,"minecraft:emerald_block":3,"minecraft:cooked_porkchop":28,"minecraft:dandelion":3,"minecraft:gravel":3,"minecraft:white_bed":1,"minecraft:mossy_cobblestone":1,"minecraft:leather_helmet":2,"minecraft:stone_axe":2,"minecraft:iron_helmet":3,"minecraft:diamond_axe":2,"minecraft:emerald":4,"minecraft:bread":2,"minecraft:oak_sapling":3,"minecraft:black_wool":1,"minecraft:coal":59},"minecraft:mined":{"minecraft:mossy_cobblestone":1,"minecraft:grass_block":4,"minecraft:moss_block":1,"minecraft:magma_block":2,"minecraft:iron_ore":53,"minecraft:andesite":1,"minecraft:stone":280,"minecraft:player_head":1,"minecraft:player_wall_head":1,"minecraft:basalt":10,"minecraft:crafting_table":1,"minecraft:clay":18,"minecraft:poppy":1,"minecraft:chest":3,"minecraft:copper_ore":4,"minecraft:tall_grass":15,"minecraft:cobblestone":17,"minecraft:lapis_ore":2,"minecraft:oak_planks":9,"minecraft:sugar_cane":3,"minecraft:diorite":21,"minecraft:wall_torch":1,"minecraft:wheat":1,"minecraft:stone_brick_stairs":2,"minecraft:grass":73,"minecraft:oak_log":27,"minecraft:coal_ore":29,"minecraft:gravel":3,"minecraft:dirt":1,"minecraft:cracked_stone_bricks":1,"minecraft:stone_bricks":7,"minecraft:mossy_stone_bricks":2,"minecraft:oak_leaves":2,"minecraft:emerald_block":3,"minecraft:fern":1},"minecraft:crafted":{"minecraft:oak_planks":112,"minecraft:furnace":1,"minecraft:cooked_mutton":1,"minecraft:iron_boots":1,"minecraft:stone_pickaxe":3,"minecraft:chest":3,"minecraft:cooked_porkchop":10,"minecraft:crafting_table":2,"minecraft:iron_helmet":1,"minecraft:leather_helmet":1,"minecraft:birch_planks":128,"minecraft:bucket":1,"minecraft:stone_axe":1,"minecraft:air":0,"minecraft:iron_chestplate":1,"minecraft:wooden_hoe":1,"minecraft:diamond_pickaxe":1,"minecraft:shield":4,"minecraft:stick":48,"minecraft:iron_pickaxe":2,"minecraft:iron_ingot":75,"minecraft:stone_sword":2,"minecraft:iron_block":6,"minecraft:iron_leggings":1,"minecraft:anvil":1,"minecraft:torch":84},"minecraft:custom":{"minecraft:interact_with_anvil":10,"minecraft:mob_kills":87,"minecraft:animals_bred":4,"minecraft:interact_with_crafting_table":42,"minecraft:open_barrel":10,"minecraft:damage_dealt_resisted":16,"minecraft:leave_game":3,"minecraft:time_since_death":2760,"minecraft:climb_one_cm":824,"minecraft:sprint_one_cm":390099,"minecraft:walk_one_cm":546756,"minecraft:damage_blocked_by_shield":3159,"minecraft:drop":45,"minecraft:talked_to_villager":2,"minecraft:play_time":215495,"minecraft:deaths":7,"minecraft:sneak_time":14155,"minecraft:walk_under_water_one_cm":795,"minecraft:jump":4012,"minecraft:walk_on_water_one_cm":14330,"minecraft:enchant_item":5,"minecraft:total_world_time":215495,"minecraft:interact_with_furnace":112,"minecraft:sleep_in_bed":6,"minecraft:time_since_rest":2783,"minecraft:damage_taken":2772,"minecraft:damage_dealt":8929,"minecraft:fly_one_cm":864690,"minecraft:open_chest":237,"minecraft:crouch_one_cm":42802,"minecraft:fall_one_cm":75788},"minecraft:dropped":{"minecraft:iron_ingot":1,"minecraft:wheat_seeds":3,"minecraft:cooked_beef":3,"minecraft:oak_log":2,"minecraft:cooked_porkchop":2,"minecraft:cobblestone":128,"minecraft:leather":2,"minecraft:coal":1,"minecraft:iron_block":1,"minecraft:iron_leggings":6,"minecraft:iron_pickaxe":7,"minecraft:iron_shovel":2,"minecraft:dark_oak_door":1,"minecraft:stone_sword":1,"minecraft:poppy":1,"minecraft:shield":1,"minecraft:iron_chestplate":5,"minecraft:oak_sapling":1,"minecraft:leather_leggings":2,"minecraft:glass":39,"minecraft:stone_pickaxe":1},"minecraft:used":{"minecraft:netherite_sword":97,"minecraft:stone_sword":69,"minecraft:iron_shovel":18,"minecraft:stone_shovel":1,"minecraft:poppy":1,"minecraft:chest":6,"minecraft:shield":101,"minecraft:player_head":6,"minecraft:cooked_chicken":3,"minecraft:torch":70,"minecraft:dirt":2,"minecraft:anvil":1,"minecraft:carrot":39,"minecraft:stone_brick_stairs":2,"minecraft:stone_bricks":3,"minecraft:basalt":9,"minecraft:magma_block":2,"minecraft:sweet_berries":1,"minecraft:furnace":1,"minecraft:oak_sapling":2,"minecraft:cooked_cod":5,"minecraft:egg":1,"minecraft:wheat_seeds":9,"minecraft:cooked_mutton":6,"minecraft:water_bucket":2,"minecraft:stone_pickaxe":339,"minecraft:oak_planks":15,"minecraft:wooden_pickaxe":8,"minecraft:diamond_axe":9,"minecraft:sugar_cane":6,"minecraft:cracked_stone_bricks":1,"minecraft:white_wool":1,"minecraft:crafting_table":1,"minecraft:white_bed":1,"minecraft:wooden_hoe":11,"minecraft:black_wool":1,"minecraft:cornflower":2,"minecraft:bread":3,"minecraft:iron_pickaxe":89,"minecraft:stone_axe":84,"minecraft:cobblestone":125,"minecraft:cooked_porkchop":16,"minecraft:bucket":4,"minecraft:andesite":1,"minecraft:dandelion":1}},"DataVersion":3465}