{"stats":{"minecraft:broken":{"minecraft:iron_shovel":1,"minecraft:stone_pickaxe":1,"minecraft:shield":3},"minecraft:dropped":{"minecraft:enchanted_book":3,"minecraft:iron_ingot":1,"minecraft:wheat_seeds":3,"minecraft:lapis_lazuli":76,"minecraft:cooked_beef":3,"minecraft:oak_log":2,"minecraft:baked_potato":15,"minecraft:bookshelf":18,"minecraft:cooked_porkchop":2,"minecraft:oak_fence":1,"minecraft:lead":2,"minecraft:poisonous_potato":1,"minecraft:cobblestone":128,"minecraft:book":15,"minecraft:leather":2,"minecraft:coal":1,"minecraft:diamond_horse_armor":1,"minecraft:iron_block":1,"minecraft:potion":1,"minecraft:iron_leggings":6,"minecraft:writable_book":1,"minecraft:iron_pickaxe":9,"minecraft:iron_shovel":2,"minecraft:bucket":2,"minecraft:anvil":3,"minecraft:dark_oak_door":1,"minecraft:stone_sword":1,"minecraft:netherite_sword":2,"minecraft:rotten_flesh":8,"universal_graves:grave_compass":1,"minecraft:iron_boots":1,"minecraft:poppy":1,"minecraft:shield":1,"minecraft:diamond_chestplate":27,"minecraft:iron_chestplate":5,"minecraft:oak_sapling":1,"minecraft:leather_leggings":2,"minecraft:basalt":4,"minecraft:glass":39,"minecraft:stone_pickaxe":1},"minecraft:killed_by":{"minecraft:skeleton":1,"minecraft:zombie":6},"minecraft:crafted":{"minecraft:oak_planks":264,"minecraft:birch_boat":4,"minecraft:furnace":1,"minecraft:bookshelf":4,"minecraft:cooked_mutton":1,"minecraft:iron_boots":2,"minecraft:ladder":6,"minecraft:stone_pickaxe":4,"minecraft:chest":11,"minecraft:filled_map":1,"minecraft:oak_fence":18,"minecraft:birch_sign":6,"minecraft:cooked_beef":21,"minecraft:emerald":27,"minecraft:cooked_porkchop":10,"minecraft:crafting_table":2,"minecraft:iron_helmet":2,"minecraft:baked_potato":64,"minecraft:leather_helmet":1,"minecraft:bucket":3,"minecraft:birch_planks":128,"minecraft:stone_axe":1,"minecraft:bread":25,"minecraft:air":0,"minecraft:oak_fence_gate":1,"minecraft:iron_chestplate":2,"minecraft:book":14,"minecraft:wooden_hoe":1,"minecraft:paper":54,"minecraft:diamond_pickaxe":1,"minecraft:shield":4,"minecraft:stick":92,"minecraft:iron_ingot":199,"minecraft:compass":1,"minecraft:iron_pickaxe":4,"minecraft:iron_block":6,"minecraft:stone_sword":2,"minecraft:writable_book":1,"minecraft:iron_leggings":2,"minecraft:gold_ingot":9,"minecraft:anvil":1,"minecraft:torch":200},"minecraft:killed":{"minecraft:spider":2,"minecraft:zombie_horse":1,"minecraft:skeleton":7,"minecraft:horse":5,"minecraft:chicken":1,"minecraft:magma_cube":17,"minecraft:pig":9,"minecraft:creeper":2,"minecraft:squid":1,"minecraft:sheep":4,"minecraft:zombie":44,"minecraft:cow":11},"minecraft:mined":{"minecraft:dark_oak_planks":78,"minecraft:mossy_cobblestone":1,"minecraft:black_terracotta":4,"minecraft:granite":21,"minecraft:grass_block":98,"minecraft:redstone_wire":11,"minecraft:red_mushroom":1,"minecraft:moss_block":1,"minecraft:kelp":11,"minecraft:spawner":4,"minecraft:tall_seagrass":1,"minecraft:magma_block":38,"minecraft:redstone_ore":18,"minecraft:iron_ore":145,"minecraft:fire":1,"minecraft:cobbled_deepslate":1,"minecraft:andesite":2,"minecraft:black_concrete":4,"minecraft:anvil":1,"minecraft:dark_oak_stairs":4,"minecraft:deepslate_iron_ore":14,"minecraft:stone":619,"minecraft:player_head":1,"minecraft:tripwire":14,"minecraft:deepslate_redstone_ore":7,"minecraft:blackstone":9,"minecraft:kelp_plant":19,"minecraft:player_wall_head":1,"minecraft:basalt":20,"minecraft:soul_lantern":1,"minecraft:crafting_table":1,"minecraft:clay":18,"minecraft:dark_oak_wood":1,"minecraft:poppy":1,"minecraft:chest":3,"minecraft:cobblestone":25,"minecraft:tall_grass":29,"minecraft:copper_ore":4,"minecraft:deepslate_gold_ore":8,"minecraft:lapis_ore":6,"minecraft:oak_planks":12,"minecraft:sugar_cane":40,"minecraft:diorite":52,"minecraft:wall_torch":3,"minecraft:repeater":4,"minecraft:brown_concrete_powder":15,"minecraft:wheat":2,"minecraft:black_wall_banner":1,"minecraft:tnt":13,"minecraft:stone_brick_stairs":2,"minecraft:grass":127,"minecraft:oak_log":49,"minecraft:coal_ore":85,"minecraft:zombie_head":6,"minecraft:gravel":21,"minecraft:dirt":119,"minecraft:cobweb":1,"minecraft:cracked_stone_bricks":1,"minecraft:stone_bricks":7,"minecraft:mossy_stone_bricks":2,"minecraft:gold_ore":1,"minecraft:oak_leaves":2,"minecraft:deepslate":10,"minecraft:emerald_block":3,"minecraft:fern":3},"minecraft:custom":{"minecraft:interact_with_anvil":13,"minecraft:mob_kills":172,"minecraft:animals_bred":13,"minecraft:interact_with_crafting_table":80,"minecraft:open_barrel":11,"minecraft:damage_dealt_resisted":96,"minecraft:leave_game":13,"minecraft:climb_one_cm":15980,"minecraft:time_since_death":131427,"minecraft:sprint_one_cm":933316,"minecraft:walk_one_cm":1382306,"minecraft:damage_blocked_by_shield":5062,"minecraft:drop":165,"minecraft:talked_to_villager":7,"minecraft:play_time":485452,"minecraft:deaths":9,"minecraft:sneak_time":26615,"minecraft:walk_under_water_one_cm":127171,"minecraft:boat_one_cm":114956,"minecraft:jump":9836,"minecraft:interact_with_brewingstand":1,"minecraft:walk_on_water_one_cm":89839,"minecraft:enchant_item":9,"minecraft:total_world_time":485452,"minecraft:interact_with_furnace":158,"minecraft:traded_with_villager":1,"minecraft:sleep_in_bed":18,"minecraft:time_since_rest":123,"minecraft:damage_taken":4958,"minecraft:damage_dealt":15969,"minecraft:fly_one_cm":2069514,"minecraft:swim_one_cm":116451,"minecraft:open_chest":578,"minecraft:crouch_one_cm":95942,"minecraft:fall_one_cm":197801,"minecraft:inspect_dispenser":6},"minecraft:used":{"minecraft:moss_block":1,"minecraft:oak_fence":18,"minecraft:netherite_sword":234,"minecraft:stone_sword":69,"minecraft:iron_shovel":113,"minecraft:stone_shovel":88,"minecraft:ladder":6,"minecraft:poppy":1,"minecraft:chest":14,"minecraft:shield":136,"minecraft:player_head":6,"minecraft:cooked_chicken":3,"minecraft:torch":145,"minecraft:brewing_stand":1,"minecraft:dirt":115,"minecraft:anvil":2,"minecraft:carrot":41,"minecraft:granite":2,"minecraft:oak_fence_gate":1,"minecraft:bookshelf":19,"minecraft:iron_axe":117,"minecraft:stone_brick_stairs":2,"minecraft:stone_bricks":3,"minecraft:basalt":10,"minecraft:magma_block":3,"minecraft:bow":6,"minecraft:written_book":13,"minecraft:sweet_berries":1,"minecraft:furnace":1,"minecraft:oak_sapling":3,"minecraft:cooked_cod":5,"minecraft:egg":11,"minecraft:cooked_beef":14,"minecraft:cobbled_deepslate":1,"minecraft:cooked_mutton":6,"minecraft:wheat_seeds":10,"minecraft:water_bucket":22,"minecraft:birch_planks":2,"minecraft:stone_pickaxe":427,"minecraft:oak_planks":17,"minecraft:baked_potato":42,"minecraft:blackstone":6,"minecraft:birch_boat":8,"minecraft:wooden_pickaxe":8,"minecraft:sugar_cane":7,"minecraft:diamond_axe":34,"minecraft:cracked_stone_bricks":1,"minecraft:white_wool":1,"minecraft:crafting_table":1,"minecraft:birch_sign":4,"minecraft:black_banner":1,"minecraft:white_bed":1,"minecraft:black_wool":1,"minecraft:wooden_hoe":11,"minecraft:cornflower":2,"minecraft:bread":8,"minecraft:zombie_head":6,"minecraft:iron_pickaxe":699,"minecraft:gravel":14,"minecraft:soul_lantern":1,"minecraft:stone_axe":84,"minecraft:cobblestone":185,"minecraft:bucket":25,"minecraft:cooked_porkchop":16,"minecraft:andesite":1,"minecraft:kelp":189,"minecraft:dandelion":1},"minecraft:picked_up":{"minecraft:iron_chestplate":6,"minecraft:crafting_table":2,"minecraft:wheat":112,"minecraft:anvil":4,"minecraft:clay_ball":72,"minecraft:leather_leggings":1,"minecraft:lead":5,"minecraft:enchanted_book":15,"minecraft:stone_brick_stairs":2,"minecraft:shield":4,"minecraft:cornflower":3,"minecraft:string":16,"minecraft:raw_copper":28,"minecraft:iron_axe":1,"minecraft:wooden_sword":1,"minecraft:iron_leggings":9,"minecraft:iron_shovel":6,"minecraft:zombie_head":6,"minecraft:blackstone":9,"minecraft:oak_sign":1,"minecraft:cracked_stone_bricks":1,"minecraft:cobbled_deepslate":11,"minecraft:netherite_sword":6,"minecraft:bucket":2,"minecraft:beef":31,"minecraft:poppy":3,"minecraft:iron_pickaxe":12,"minecraft:player_head":16,"minecraft:written_book":1,"minecraft:wooden_shovel":1,"minecraft:sugar_cane":63,"minecraft:chest":3,"minecraft:egg":15,"minecraft:iron_boots":4,"minecraft:dark_oak_door":3,"minecraft:stick":35,"minecraft:raw_iron":188,"minecraft:stone":14,"minecraft:oak_fence":1,"minecraft:torch":21,"minecraft:porkchop":10,"minecraft:brown_concrete_powder":15,"minecraft:diorite":52,"minecraft:carrot":63,"minecraft:redstone":107,"minecraft:dark_oak_planks":78,"minecraft:tnt":13,"minecraft:stone_shovel":4,"minecraft:stone_sword":3,"minecraft:arrow":20,"minecraft:diamond_chestplate":30,"minecraft:rotten_flesh":98,"minecraft:bookshelf":33,"minecraft:black_banner":1,"minecraft:mutton":1,"minecraft:white_wool":7,"minecraft:cobblestone":821,"minecraft:birch_log":32,"minecraft:magma_block":31,"minecraft:feather":1,"minecraft:cooked_beef":5,"minecraft:basalt":19,"minecraft:repeater":4,"minecraft:magma_cream":1,"minecraft:water_bucket":4,"minecraft:andesite":2,"minecraft:leather":21,"minecraft:red_mushroom":1,"minecraft:potato":64,"minecraft:oak_log":115,"minecraft:gunpowder":2,"minecraft:lapis_lazuli":189,"minecraft:dirt":465,"minecraft:name_tag":1,"minecraft:cooked_mutton":5,"minecraft:glass":39,"minecraft:bone":31,"minecraft:stone_bricks":54,"minecraft:kelp":312,"minecraft:bow":2,"minecraft:wheat_seeds":236,"minecraft:raw_gold":9,"minecraft:stone_pickaxe":2,"minecraft:iron_ingot":1,"minecraft:cooked_chicken":1,"minecraft:mossy_stone_bricks":2,"minecraft:moss_block":1,"minecraft:oak_planks":50,"minecraft:iron_sword":1,"minecraft:dark_oak_stairs":1,"minecraft:music_disc_chirp":2,"minecraft:book":14,"minecraft:emerald_block":3,"minecraft:black_terracotta":2,"minecraft:cooked_porkchop":28,"minecraft:birch_boat":6,"minecraft:dandelion":5,"minecraft:gravel":21,"minecraft:poisonous_potato":1,"minecraft:ink_sac":3,"minecraft:white_bed":1,"minecraft:mossy_cobblestone":1,"minecraft:leather_helmet":2,"minecraft:black_concrete":4,"minecraft:stone_axe":2,"minecraft:soul_lantern":1,"minecraft:iron_helmet":3,"minecraft:diamond_axe":2,"minecraft:granite":23,"minecraft:emerald":5,"minecraft:bread":2,"minecraft:black_wool":1,"minecraft:oak_sapling":4,"minecraft:coal":115,"minecraft:dark_oak_wood":1}},"DataVersion":3465}