{"stats":{"minecraft:mined":{"minecraft:grass":9,"minecraft:tall_grass":5},"minecraft:custom":{"minecraft:time_since_rest":530,"minecraft:crouch_one_cm":457,"minecraft:play_time":17311,"minecraft:sprint_one_cm":56084,"minecraft:deaths":6,"minecraft:damage_taken":1635,"minecraft:walk_one_cm":31280,"minecraft:sneak_time":106,"minecraft:walk_under_water_one_cm":2357,"minecraft:jump":831,"minecraft:damage_dealt":42,"minecraft:leave_game":5,"minecraft:walk_on_water_one_cm":8104,"minecraft:time_since_death":506,"minecraft:climb_one_cm":148,"minecraft:total_world_time":17311,"minecraft:fall_one_cm":23645,"minecraft:fly_one_cm":226689},"minecraft:killed_by":{"minecraft:vindicator":1,"minecraft:skeleton":2,"minecraft:spider":1,"minecraft:zombie":1,"minecraft:pillager":1}},"DataVersion":3465}