{"stats":{"minecraft:used":{"minecraft:calcite":1,"minecraft:netherite_sword":107,"minecraft:villager_spawn_egg":2,"minecraft:elder_guardian_spawn_egg":8,"minecraft:wet_sponge":1,"minecraft:stone":1,"minecraft:player_head":3,"minecraft:cooked_chicken":1,"minecraft:potion":3,"minecraft:crafting_table":1,"minecraft:smithing_table":1,"minecraft:husk_spawn_egg":3,"minecraft:splash_potion":1},"minecraft:picked_up":{"minecraft:elder_guardian_spawn_egg":64,"minecraft:prismarine_shard":6,"minecraft:salmon":1,"minecraft:leather":2,"minecraft:lead":2,"minecraft:wither_rose":1,"minecraft:porkchop":1,"minecraft:villager_spawn_egg":1,"minecraft:gunpowder":1,"minecraft:spruce_door":192,"minecraft:prismarine_crystals":3,"minecraft:string":1,"minecraft:cooked_mutton":3,"minecraft:arrow":2,"minecraft:bone":2,"minecraft:rotten_flesh":4,"minecraft:beetroot":3,"minecraft:tide_armor_trim_smithing_template":1,"minecraft:netherite_sword":1,"minecraft:beef":4,"minecraft:cooked_chicken":1,"minecraft:player_head":2,"minecraft:light_gray_wool":1,"minecraft:mutton":7,"minecraft:cod":3,"minecraft:white_wool":6,"minecraft:nether_star":3,"minecraft:wet_sponge":6},"minecraft:killed":{"minecraft:sheep":12,"minecraft:horse":2,"minecraft:skeleton":1,"minecraft:husk":2,"minecraft:zombie":1,"minecraft:pig":1,"minecraft:elder_guardian":7,"minecraft:spider":1,"minecraft:villager":2,"minecraft:creeper":3,"minecraft:wither":3,"minecraft:cow":1},"minecraft:mined":{"minecraft:oak_leaves":1},"minecraft:custom":{"minecraft:time_since_rest":2168,"minecraft:interact_with_smithing_table":7,"minecraft:sprint_one_cm":62430,"minecraft:walk_one_cm":47272,"minecraft:mob_kills":40,"minecraft:damage_dealt":22518,"minecraft:swim_one_cm":6977,"minecraft:interact_with_crafting_table":3,"minecraft:fly_one_cm":398170,"minecraft:open_barrel":5,"minecraft:open_chest":15,"minecraft:crouch_one_cm":110,"minecraft:play_time":43375,"minecraft:deaths":5,"minecraft:sneak_time":684,"minecraft:walk_under_water_one_cm":59108,"minecraft:jump":988,"minecraft:leave_game":7,"minecraft:time_since_death":2123,"minecraft:walk_on_water_one_cm":14654,"minecraft:total_world_time":43375,"minecraft:climb_one_cm":12}},"DataVersion":3465}