{"stats":{"minecraft:killed":{"minecraft:sheep":1,"minecraft:witch":1,"minecraft:chicken":2,"minecraft:cow":1},"minecraft:dropped":{"minecraft:wheat_seeds":1},"minecraft:custom":{"minecraft:time_since_rest":15395,"minecraft:sprint_one_cm":32662,"minecraft:damage_taken":70,"minecraft:walk_one_cm":32211,"minecraft:mob_kills":6,"minecraft:drop":1,"minecraft:damage_dealt":982,"minecraft:interact_with_crafting_table":5,"minecraft:fly_one_cm":57352,"minecraft:crouch_one_cm":3802,"minecraft:play_time":15395,"minecraft:sneak_time":1054,"minecraft:walk_under_water_one_cm":3564,"minecraft:jump":369,"minecraft:leave_game":4,"minecraft:time_since_death":15395,"minecraft:walk_on_water_one_cm":6059,"minecraft:climb_one_cm":155,"minecraft:total_world_time":15395,"minecraft:fall_one_cm":10327},"minecraft:used":{"minecraft:stone_sword":10,"minecraft:stone_pickaxe":14,"minecraft:oak_planks":19,"minecraft:wooden_pickaxe":13,"minecraft:cooked_chicken":2,"minecraft:stone_axe":29,"minecraft:dirt":10,"minecraft:crafting_table":2},"minecraft:picked_up":{"minecraft:crafting_table":2,"minecraft:cooked_beef":1,"minecraft:feather":2,"minecraft:leather":1,"minecraft:oak_log":13,"minecraft:dirt":10,"minecraft:cooked_mutton":2,"minecraft:sugar":2,"minecraft:wheat_seeds":1,"minecraft:cooked_chicken":3,"minecraft:emerald":1,"minecraft:sugar_cane":2,"minecraft:oak_planks":11,"minecraft:coal":6,"minecraft:white_wool":1,"minecraft:cobblestone":21},"minecraft:crafted":{"minecraft:oak_planks":28,"minecraft:crafting_table":1,"minecraft:stick":12,"minecraft:wooden_pickaxe":1,"minecraft:stone_pickaxe":1,"minecraft:stone_sword":1,"minecraft:furnace":1,"minecraft:torch":12,"minecraft:stone_axe":1},"minecraft:mined":{"minecraft:crafting_table":2,"minecraft:grass":10,"minecraft:oak_log":14,"minecraft:grass_block":6,"minecraft:coal_ore":6,"minecraft:dirt":4,"minecraft:tall_grass":2,"minecraft:stone":21,"minecraft:sugar_cane":2,"minecraft:oak_planks":11,"minecraft:fern":2}},"DataVersion":3465}