{"stats":{"minecraft:killed_by":{"minecraft:wolf":2},"minecraft:custom":{"minecraft:time_since_rest":501,"minecraft:crouch_one_cm":129,"minecraft:sprint_one_cm":8405,"minecraft:play_time":3659,"minecraft:deaths":4,"minecraft:damage_taken":1080,"minecraft:walk_one_cm":11683,"minecraft:sneak_time":19,"minecraft:walk_under_water_one_cm":176,"minecraft:mob_kills":5,"minecraft:drop":1,"minecraft:jump":169,"minecraft:damage_dealt":437,"minecraft:leave_game":3,"minecraft:walk_on_water_one_cm":360,"minecraft:time_since_death":477,"minecraft:total_world_time":3659,"minecraft:fall_one_cm":12289,"minecraft:fly_one_cm":22327},"minecraft:picked_up":{"minecraft:wheat_seeds":1},"minecraft:dropped":{"minecraft:wheat_seeds":1},"minecraft:killed":{"minecraft:wolf":5},"minecraft:mined":{"minecraft:short_grass":3,"minecraft:fern":13}},"DataVersion":3839}