{"stats":{"minecraft:picked_up":{"minecraft:wheat_seeds":1,"minecraft:player_head":1},"minecraft:dropped":{"minecraft:wheat_seeds":1,"minecraft:player_head":1},"minecraft:mined":{"minecraft:grass":9,"minecraft:tall_grass":9},"minecraft:custom":{"minecraft:time_since_rest":3404,"minecraft:crouch_one_cm":457,"minecraft:play_time":22901,"minecraft:sprint_one_cm":80340,"minecraft:deaths":9,"minecraft:damage_taken":2521,"minecraft:walk_one_cm":39817,"minecraft:sneak_time":106,"minecraft:walk_under_water_one_cm":2357,"minecraft:drop":2,"minecraft:jump":1178,"minecraft:damage_dealt":42,"minecraft:leave_game":6,"minecraft:walk_on_water_one_cm":8678,"minecraft:time_since_death":3380,"minecraft:climb_one_cm":148,"minecraft:total_world_time":22901,"minecraft:fall_one_cm":32922,"minecraft:fly_one_cm":332306},"minecraft:killed_by":{"minecraft:vindicator":1,"minecraft:skeleton":3,"minecraft:spider":1,"minecraft:zombie":3,"minecraft:pillager":1}},"DataVersion":3465}