{"stats":{"minecraft:killed_by":{"minecraft:spider":1,"minecraft:pillager":1,"minecraft:vindicator":1,"minecraft:skeleton":8,"minecraft:zombie":10},"minecraft:dropped":{"minecraft:wheat_seeds":2,"minecraft:torch":1,"minecraft:player_head":2,"minecraft:bowl":2,"minecraft:beetroot":1,"minecraft:rotten_flesh":2,"minecraft:cooked_mutton":2,"minecraft:beetroot_seeds":3,"minecraft:leather_leggings":2,"minecraft:spider_eye":2},"minecraft:used":{"minecraft:music_disc_far":1,"minecraft:stone_sword":83,"minecraft:stone_shovel":44,"minecraft:chest":15,"minecraft:shield":4,"minecraft:cooked_chicken":3,"minecraft:torch":38,"minecraft:dirt":15,"minecraft:mutton":1,"minecraft:carrot":13,"minecraft:grass_block":1,"minecraft:iron_axe":50,"minecraft:light_gray_wool":1,"minecraft:beef":9,"minecraft:sweet_berries":5,"minecraft:oak_sapling":2,"minecraft:furnace":2,"minecraft:cooked_cod":5,"minecraft:egg":6,"minecraft:cooked_beef":5,"minecraft:cooked_mutton":1,"minecraft:stone_pickaxe":184,"minecraft:oak_planks":33,"minecraft:wooden_pickaxe":24,"minecraft:salmon":2,"minecraft:white_wool":3,"minecraft:oak_slab":1,"minecraft:crafting_table":6,"minecraft:crossbow":1,"minecraft:white_bed":1,"minecraft:oak_log":1,"minecraft:apple":3,"minecraft:bread":8,"minecraft:leather_helmet":1,"minecraft:gravel":4,"minecraft:stone_axe":65,"minecraft:cobblestone":40,"minecraft:porkchop":4,"minecraft:cooked_porkchop":2,"minecraft:dandelion":2},"minecraft:killed":{"minecraft:vindicator":1,"minecraft:spider":3,"minecraft:skeleton":3,"minecraft:pig":5,"minecraft:zombie_villager":1,"minecraft:salmon":3,"minecraft:wandering_trader":1,"minecraft:sheep":5,"minecraft:pillager":2,"minecraft:zombie":3,"minecraft:cow":13},"minecraft:crafted":{"minecraft:oak_planks":124,"minecraft:stone_shovel":1,"minecraft:furnace":2,"minecraft:stone_pickaxe":4,"minecraft:chest":2,"minecraft:wheat":18,"minecraft:oak_slab":6,"minecraft:crafting_table":6,"minecraft:wooden_pickaxe":2,"minecraft:stone_axe":3,"minecraft:bread":6,"minecraft:air":0,"minecraft:shield":2,"minecraft:stick":44,"minecraft:iron_ingot":2,"minecraft:wooden_axe":1,"minecraft:stone_sword":1,"minecraft:torch":60},"minecraft:picked_up":{"minecraft:crafting_table":3,"minecraft:iron_chestplate":1,"minecraft:wheat":6,"minecraft:chicken":1,"minecraft:nether_wart":3,"minecraft:clay_ball":2,"minecraft:leather_leggings":4,"minecraft:lead":2,"minecraft:wooden_pickaxe":3,"minecraft:potion":6,"minecraft:shield":4,"minecraft:string":23,"minecraft:iron_axe":4,"minecraft:wooden_sword":1,"minecraft:beetroot":1,"minecraft:beef":33,"minecraft:player_head":17,"minecraft:poppy":2,"minecraft:light_gray_wool":2,"minecraft:sugar_cane":34,"minecraft:chest":1,"minecraft:furnace":2,"minecraft:egg":6,"minecraft:stick":111,"minecraft:raw_iron":3,"minecraft:jukebox":1,"minecraft:torch":103,"minecraft:bowl":1,"minecraft:porkchop":9,"minecraft:cookie":2,"minecraft:carrot":46,"minecraft:stone_sword":6,"minecraft:arrow":24,"minecraft:rotten_flesh":33,"minecraft:stone_shovel":2,"minecraft:cooked_cod":7,"minecraft:beetroot_seeds":3,"minecraft:hay_block":2,"minecraft:glistering_melon_slice":3,"minecraft:gold_ingot":1,"minecraft:mutton":1,"minecraft:cobblestone":308,"minecraft:white_wool":5,"minecraft:feather":3,"minecraft:cooked_beef":19,"minecraft:magma_cream":2,"minecraft:salmon":2,"minecraft:leather":16,"minecraft:flint":4,"minecraft:oak_log":72,"minecraft:gunpowder":1,"minecraft:dirt":98,"minecraft:name_tag":1,"minecraft:cooked_mutton":11,"minecraft:bone":20,"minecraft:apple":7,"minecraft:wheat_seeds":17,"minecraft:iron_ingot":1,"minecraft:music_disc_far":1,"minecraft:stone_pickaxe":5,"minecraft:glass_bottle":1,"minecraft:iron_sword":1,"minecraft:oak_planks":61,"minecraft:ghast_tear":2,"minecraft:cooked_porkchop":10,"minecraft:sweet_berries":5,"minecraft:dandelion":3,"minecraft:gravel":4,"minecraft:blast_furnace":2,"minecraft:white_bed":1,"minecraft:spruce_log":16,"minecraft:dark_oak_log":20,"minecraft:spider_eye":2,"minecraft:leather_helmet":3,"minecraft:slime_ball":3,"minecraft:stone_axe":2,"minecraft:crossbow":4,"minecraft:gray_wool":2,"minecraft:emerald":32,"minecraft:bread":29,"minecraft:oak_sapling":2,"minecraft:coal":111},"minecraft:custom":{"minecraft:mob_kills":43,"minecraft:interact_with_crafting_table":27,"minecraft:open_barrel":17,"minecraft:leave_game":13,"minecraft:time_since_death":8211,"minecraft:climb_one_cm":1832,"minecraft:sprint_one_cm":479403,"minecraft:walk_one_cm":353275,"minecraft:damage_blocked_by_shield":300,"minecraft:drop":17,"minecraft:talked_to_villager":6,"minecraft:play_time":153197,"minecraft:deaths":21,"minecraft:sneak_time":8179,"minecraft:walk_under_water_one_cm":14979,"minecraft:jump":4758,"minecraft:walk_on_water_one_cm":31245,"minecraft:total_world_time":153197,"minecraft:interact_with_furnace":8,"minecraft:play_record":1,"minecraft:sleep_in_bed":6,"minecraft:time_since_rest":8266,"minecraft:damage_taken":7129,"minecraft:damage_dealt":5181,"minecraft:fly_one_cm":1218961,"minecraft:swim_one_cm":1241,"minecraft:open_chest":89,"minecraft:crouch_one_cm":31724,"minecraft:fall_one_cm":133540},"minecraft:mined":{"minecraft:white_bed":1,"minecraft:grass_block":22,"minecraft:spruce_leaves":1,"minecraft:hay_block":2,"minecraft:furnace":1,"minecraft:iron_ore":2,"minecraft:stone":158,"minecraft:dandelion":2,"minecraft:crafting_table":2,"minecraft:chest":1,"minecraft:cobblestone":21,"minecraft:tall_grass":26,"minecraft:oak_planks":10,"minecraft:sugar_cane":2,"minecraft:wall_torch":1,"minecraft:grass":68,"minecraft:oak_log":31,"minecraft:coal_ore":24,"minecraft:gravel":4,"minecraft:dirt":39,"minecraft:cobweb":8,"minecraft:oak_leaves":9}},"DataVersion":3465}