{"stats":{"minecraft:killed":{"minecraft:sheep":1,"minecraft:zombie":1,"minecraft:witch":1,"minecraft:chicken":2,"minecraft:cow":1},"minecraft:picked_up":{"minecraft:crafting_table":2,"minecraft:cooked_beef":1,"minecraft:feather":2,"minecraft:leather":1,"minecraft:oak_log":13,"minecraft:dirt":18,"minecraft:cooked_mutton":2,"minecraft:sugar":2,"minecraft:wheat_seeds":2,"minecraft:cooked_chicken":3,"minecraft:emerald":1,"minecraft:sugar_cane":2,"minecraft:oak_planks":11,"minecraft:coal":6,"minecraft:white_wool":1,"minecraft:cobblestone":21},"minecraft:used":{"minecraft:cooked_mutton":1,"minecraft:stone_sword":13,"minecraft:stone_pickaxe":14,"minecraft:oak_planks":19,"minecraft:wooden_pickaxe":13,"minecraft:cooked_chicken":2,"minecraft:stone_axe":29,"minecraft:dirt":18,"minecraft:crafting_table":2},"minecraft:custom":{"minecraft:time_since_rest":17594,"minecraft:sprint_one_cm":34077,"minecraft:damage_taken":170,"minecraft:walk_one_cm":41317,"minecraft:mob_kills":7,"minecraft:drop":2,"minecraft:damage_dealt":1111,"minecraft:interact_with_crafting_table":5,"minecraft:fly_one_cm":61926,"minecraft:crouch_one_cm":4059,"minecraft:play_time":17594,"minecraft:sneak_time":1094,"minecraft:walk_under_water_one_cm":3564,"minecraft:jump":401,"minecraft:leave_game":7,"minecraft:time_since_death":17594,"minecraft:walk_on_water_one_cm":7268,"minecraft:climb_one_cm":155,"minecraft:total_world_time":17594,"minecraft:fall_one_cm":10594},"minecraft:crafted":{"minecraft:oak_planks":28,"minecraft:crafting_table":1,"minecraft:stick":12,"minecraft:wooden_pickaxe":1,"minecraft:stone_pickaxe":1,"minecraft:stone_sword":1,"minecraft:furnace":1,"minecraft:torch":12,"minecraft:stone_axe":1},"minecraft:mined":{"minecraft:crafting_table":2,"minecraft:grass":10,"minecraft:oak_log":14,"minecraft:grass_block":11,"minecraft:coal_ore":6,"minecraft:dirt":7,"minecraft:tall_grass":2,"minecraft:stone":21,"minecraft:sugar_cane":2,"minecraft:oak_planks":11,"minecraft:fern":2},"minecraft:dropped":{"minecraft:wheat_seeds":2}},"DataVersion":3465}