{"stats":{"minecraft:mined":{"minecraft:oak_leaves":1},"minecraft:custom":{"minecraft:jump":402,"minecraft:open_chest":4,"minecraft:time_since_rest":2494,"minecraft:walk_one_cm":11451,"minecraft:leave_game":2,"minecraft:sprint_one_cm":26854,"minecraft:play_time":13217,"minecraft:time_since_death":2465,"minecraft:walk_on_water_one_cm":13434,"minecraft:deaths":1,"minecraft:sneak_time":326,"minecraft:total_world_time":13217,"minecraft:climb_one_cm":12,"minecraft:walk_under_water_one_cm":44371,"minecraft:swim_one_cm":6977,"minecraft:fly_one_cm":187191},"minecraft:used":{"minecraft:potion":1,"minecraft:splash_potion":1}},"DataVersion":3465}