{"stats":{"minecraft:mined":{"minecraft:grass":9,"minecraft:tall_grass":5},"minecraft:killed_by":{"minecraft:pillager":1,"minecraft:spider":1,"minecraft:zombie":1,"minecraft:vindicator":1},"minecraft:custom":{"minecraft:jump":787,"minecraft:damage_taken":1185,"minecraft:time_since_rest":593,"minecraft:walk_one_cm":29668,"minecraft:damage_dealt":42,"minecraft:crouch_one_cm":457,"minecraft:leave_game":2,"minecraft:sprint_one_cm":53838,"minecraft:play_time":15837,"minecraft:time_since_death":563,"minecraft:walk_on_water_one_cm":4873,"minecraft:deaths":4,"minecraft:sneak_time":106,"minecraft:total_world_time":15837,"minecraft:climb_one_cm":148,"minecraft:walk_under_water_one_cm":780,"minecraft:fall_one_cm":22809,"minecraft:fly_one_cm":212959}},"DataVersion":3465}