{"stats":{"minecraft:used":{"minecraft:calcite":1,"minecraft:netherite_sword":107,"minecraft:elder_guardian_spawn_egg":8,"minecraft:stone_pickaxe":68,"minecraft:shield":30,"minecraft:wooden_pickaxe":4,"minecraft:iron_sword":4,"minecraft:stone":1,"minecraft:player_head":3,"minecraft:cooked_chicken":1,"minecraft:torch":4,"minecraft:crafting_table":3,"minecraft:villager_spawn_egg":2,"minecraft:birch_sapling":1,"minecraft:iron_pickaxe":56,"minecraft:wet_sponge":1,"minecraft:stone_axe":25,"minecraft:cobblestone":13,"minecraft:potion":3,"minecraft:oak_sapling":2,"minecraft:furnace":2,"minecraft:cooked_porkchop":3,"minecraft:smithing_table":1,"minecraft:husk_spawn_egg":3,"minecraft:splash_potion":1},"minecraft:killed":{"minecraft:husk":2,"minecraft:pig":1,"minecraft:elder_guardian":7,"minecraft:spider":4,"minecraft:creeper":3,"minecraft:wither":3,"minecraft:horse":2,"minecraft:sheep":13,"minecraft:skeleton":3,"minecraft:zombie":2,"minecraft:player":1,"minecraft:villager":2,"minecraft:cow":1},"minecraft:crafted":{"minecraft:oak_planks":36,"minecraft:crafting_table":1,"minecraft:wooden_pickaxe":1,"minecraft:iron_sword":1,"minecraft:furnace":1,"minecraft:stone_axe":1,"minecraft:air":0,"minecraft:shield":1,"minecraft:stick":12,"minecraft:iron_ingot":7,"minecraft:iron_pickaxe":1,"minecraft:stone_pickaxe":1,"minecraft:torch":8},"minecraft:custom":{"minecraft:interact_with_smithing_table":7,"minecraft:interact_with_furnace":10,"minecraft:mob_kills":49,"minecraft:interact_with_crafting_table":13,"minecraft:open_barrel":5,"minecraft:leave_game":8,"minecraft:time_since_death":409,"minecraft:climb_one_cm":12,"minecraft:time_since_rest":435,"minecraft:sprint_one_cm":99572,"minecraft:damage_taken":2099,"minecraft:walk_one_cm":104242,"minecraft:damage_blocked_by_shield":685,"minecraft:drop":12,"minecraft:damage_dealt":24767,"minecraft:player_kills":1,"minecraft:swim_one_cm":6977,"minecraft:fly_one_cm":500549,"minecraft:open_chest":15,"minecraft:crouch_one_cm":11875,"minecraft:play_time":69229,"minecraft:deaths":12,"minecraft:sneak_time":3688,"minecraft:walk_under_water_one_cm":59108,"minecraft:jump":1672,"minecraft:walk_on_water_one_cm":15656,"minecraft:total_world_time":69229,"minecraft:horse_one_cm":89,"minecraft:fall_one_cm":22088},"minecraft:picked_up":{"minecraft:elder_guardian_spawn_egg":64,"minecraft:crafting_table":5,"minecraft:prismarine_shard":6,"minecraft:salmon":1,"minecraft:leather":2,"minecraft:lead":2,"minecraft:wooden_pickaxe":4,"minecraft:wither_rose":1,"minecraft:oak_log":9,"minecraft:shield":2,"minecraft:gunpowder":1,"minecraft:string":1,"minecraft:raw_copper":12,"minecraft:cooked_mutton":4,"minecraft:bone":4,"minecraft:beetroot":3,"minecraft:netherite_sword":1,"minecraft:iron_ingot":4,"minecraft:stone_pickaxe":2,"minecraft:beef":4,"minecraft:cooked_chicken":1,"minecraft:player_head":18,"minecraft:iron_pickaxe":2,"minecraft:light_gray_wool":1,"minecraft:birch_sapling":1,"minecraft:oak_planks":52,"minecraft:furnace":4,"minecraft:raw_iron":8,"minecraft:stick":4,"minecraft:cooked_porkchop":3,"minecraft:torch":8,"minecraft:porkchop":1,"minecraft:villager_spawn_egg":1,"minecraft:prismarine_crystals":3,"minecraft:spruce_door":192,"minecraft:arrow":5,"minecraft:rotten_flesh":10,"minecraft:tide_armor_trim_smithing_template":1,"minecraft:oak_sapling":2,"minecraft:coal":44,"minecraft:cod":3,"minecraft:mutton":7,"minecraft:white_wool":7,"minecraft:nether_star":3,"minecraft:cobblestone":209,"minecraft:wet_sponge":6},"minecraft:mined":{"minecraft:crafting_table":3,"minecraft:copper_ore":4,"minecraft:cobblestone":3,"minecraft:furnace":2,"minecraft:iron_ore":7,"minecraft:grass":2,"minecraft:coal_ore":16,"minecraft:oak_log":9,"minecraft:stone":87,"minecraft:oak_leaves":2},"minecraft:killed_by":{"minecraft:player":4,"minecraft:zombie":3},"minecraft:dropped":{"minecraft:raw_copper":12}},"DataVersion":3465}