{"stats":{"minecraft:killed":{"minecraft:wolf":6},"minecraft:custom":{"minecraft:time_since_rest":3039,"minecraft:crouch_one_cm":318,"minecraft:play_time":6197,"minecraft:sprint_one_cm":13582,"minecraft:deaths":4,"minecraft:damage_taken":1080,"minecraft:walk_one_cm":17769,"minecraft:sneak_time":100,"minecraft:walk_under_water_one_cm":176,"minecraft:mob_kills":6,"minecraft:boat_one_cm":116,"minecraft:drop":1,"minecraft:jump":229,"minecraft:damage_dealt":517,"minecraft:leave_game":5,"minecraft:walk_on_water_one_cm":360,"minecraft:time_since_death":3015,"minecraft:total_world_time":6197,"minecraft:talked_to_villager":1,"minecraft:fall_one_cm":12289,"minecraft:fly_one_cm":54217},"minecraft:mined":{"minecraft:short_grass":3,"minecraft:fern":13},"minecraft:picked_up":{"minecraft:wheat_seeds":1},"minecraft:killed_by":{"minecraft:wolf":2},"minecraft:used":{"minecraft:netherite_sword":1,"minecraft:villager_spawn_egg":2,"minecraft:oak_boat":1,"minecraft:husk_spawn_egg":1},"minecraft:dropped":{"minecraft:wheat_seeds":1}},"DataVersion":3839}