{"stats":{"minecraft:custom":{"minecraft:time_since_rest":12816,"minecraft:interact_with_smithing_table":7,"minecraft:sprint_one_cm":45170,"minecraft:walk_one_cm":32739,"minecraft:mob_kills":19,"minecraft:damage_dealt":14590,"minecraft:swim_one_cm":6977,"minecraft:interact_with_crafting_table":1,"minecraft:fly_one_cm":294267,"minecraft:open_barrel":5,"minecraft:open_chest":15,"minecraft:play_time":31250,"minecraft:deaths":2,"minecraft:sneak_time":637,"minecraft:walk_under_water_one_cm":48937,"minecraft:jump":678,"minecraft:leave_game":5,"minecraft:time_since_death":12794,"minecraft:walk_on_water_one_cm":14409,"minecraft:total_world_time":31250,"minecraft:climb_one_cm":12},"minecraft:used":{"minecraft:netherite_sword":26,"minecraft:elder_guardian_spawn_egg":5,"minecraft:stone":1,"minecraft:cooked_chicken":1,"minecraft:potion":2,"minecraft:crafting_table":1,"minecraft:smithing_table":1,"minecraft:husk_spawn_egg":3,"minecraft:splash_potion":1},"minecraft:mined":{"minecraft:oak_leaves":1},"minecraft:killed":{"minecraft:skeleton":1,"minecraft:husk":2,"minecraft:zombie":1,"minecraft:elder_guardian":5,"minecraft:spider":1,"minecraft:creeper":2,"minecraft:wither":3},"minecraft:picked_up":{"minecraft:prismarine_shard":6,"minecraft:salmon":1,"minecraft:wither_rose":1,"minecraft:prismarine_crystals":2,"minecraft:string":1,"minecraft:bone":2,"minecraft:arrow":2,"minecraft:rotten_flesh":4,"minecraft:tide_armor_trim_smithing_template":1,"minecraft:beef":2,"minecraft:cooked_chicken":1,"minecraft:cod":3,"minecraft:nether_star":3,"minecraft:wet_sponge":5}},"DataVersion":3465}