{"stats":{"minecraft:used":{"minecraft:calcite":1,"minecraft:netherite_sword":71,"minecraft:elder_guardian_spawn_egg":6,"minecraft:stone":1,"minecraft:cooked_chicken":1,"minecraft:potion":3,"minecraft:crafting_table":1,"minecraft:smithing_table":1,"minecraft:husk_spawn_egg":3,"minecraft:splash_potion":1},"minecraft:mined":{"minecraft:oak_leaves":1},"minecraft:killed":{"minecraft:sheep":12,"minecraft:horse":2,"minecraft:skeleton":1,"minecraft:husk":2,"minecraft:zombie":1,"minecraft:pig":1,"minecraft:elder_guardian":6,"minecraft:spider":1,"minecraft:creeper":3,"minecraft:cow":1,"minecraft:wither":3},"minecraft:custom":{"minecraft:time_since_rest":19625,"minecraft:interact_with_smithing_table":7,"minecraft:sprint_one_cm":53861,"minecraft:walk_one_cm":38767,"minecraft:mob_kills":37,"minecraft:damage_dealt":19040,"minecraft:swim_one_cm":6977,"minecraft:interact_with_crafting_table":1,"minecraft:fly_one_cm":357080,"minecraft:open_barrel":5,"minecraft:open_chest":15,"minecraft:play_time":38059,"minecraft:deaths":2,"minecraft:sneak_time":637,"minecraft:walk_under_water_one_cm":59108,"minecraft:jump":817,"minecraft:leave_game":6,"minecraft:time_since_death":19603,"minecraft:walk_on_water_one_cm":14654,"minecraft:total_world_time":38059,"minecraft:climb_one_cm":12},"minecraft:picked_up":{"minecraft:prismarine_shard":6,"minecraft:salmon":1,"minecraft:leather":2,"minecraft:wither_rose":1,"minecraft:porkchop":1,"minecraft:gunpowder":1,"minecraft:prismarine_crystals":2,"minecraft:string":1,"minecraft:cooked_mutton":3,"minecraft:bone":2,"minecraft:arrow":2,"minecraft:rotten_flesh":4,"minecraft:tide_armor_trim_smithing_template":1,"minecraft:beef":4,"minecraft:cooked_chicken":1,"minecraft:light_gray_wool":1,"minecraft:mutton":7,"minecraft:cod":3,"minecraft:white_wool":6,"minecraft:nether_star":3,"minecraft:wet_sponge":5}},"DataVersion":3465}