{"stats":{"minecraft:used":{"minecraft:music_disc_far":1,"minecraft:stone_sword":55,"minecraft:stone_shovel":44,"minecraft:stone_pickaxe":169,"minecraft:oak_planks":14,"minecraft:chest":1,"minecraft:wooden_pickaxe":13,"minecraft:cooked_chicken":3,"minecraft:white_wool":3,"minecraft:salmon":2,"minecraft:torch":17,"minecraft:dirt":8,"minecraft:mutton":1,"minecraft:crafting_table":6,"minecraft:crossbow":1,"minecraft:apple":3,"minecraft:iron_axe":50,"minecraft:bread":7,"minecraft:gravel":4,"minecraft:stone_axe":29,"minecraft:cobblestone":21,"minecraft:beef":9,"minecraft:sweet_berries":5,"minecraft:cooked_porkchop":1,"minecraft:oak_sapling":2,"minecraft:cooked_cod":5,"minecraft:furnace":2,"minecraft:porkchop":4,"minecraft:egg":6,"minecraft:cooked_beef":4,"minecraft:dandelion":2},"minecraft:mined":{"minecraft:dandelion":2,"minecraft:crafting_table":2,"minecraft:grass_block":15,"minecraft:chest":1,"minecraft:cobblestone":21,"minecraft:tall_grass":25,"minecraft:sugar_cane":2,"minecraft:oak_planks":7,"minecraft:hay_block":2,"minecraft:furnace":1,"minecraft:iron_ore":2,"minecraft:grass":51,"minecraft:coal_ore":15,"minecraft:oak_log":25,"minecraft:cobweb":8,"minecraft:gravel":4,"minecraft:dirt":37,"minecraft:stone":142,"minecraft:oak_leaves":9},"minecraft:killed_by":{"minecraft:vindicator":1,"minecraft:skeleton":7,"minecraft:spider":1,"minecraft:zombie":5,"minecraft:pillager":1},"minecraft:dropped":{"minecraft:wheat_seeds":2,"minecraft:player_head":2,"minecraft:cooked_mutton":2,"minecraft:torch":1,"minecraft:leather_leggings":2},"minecraft:crafted":{"minecraft:oak_planks":100,"minecraft:stone_shovel":1,"minecraft:crafting_table":6,"minecraft:wooden_pickaxe":2,"minecraft:furnace":2,"minecraft:stone_axe":1,"minecraft:bread":6,"minecraft:air":0,"minecraft:shield":1,"minecraft:stick":32,"minecraft:iron_ingot":2,"minecraft:stone_pickaxe":2,"minecraft:wooden_axe":1,"minecraft:stone_sword":1,"minecraft:chest":1,"minecraft:torch":20,"minecraft:wheat":18},"minecraft:killed":{"minecraft:pig":4,"minecraft:zombie_villager":1,"minecraft:salmon":3,"minecraft:vindicator":1,"minecraft:sheep":4,"minecraft:skeleton":2,"minecraft:pillager":2,"minecraft:zombie":1,"minecraft:cow":12},"minecraft:custom":{"minecraft:interact_with_furnace":5,"minecraft:mob_kills":32,"minecraft:play_record":1,"minecraft:interact_with_crafting_table":15,"minecraft:open_barrel":6,"minecraft:leave_game":9,"minecraft:time_since_death":39770,"minecraft:sleep_in_bed":3,"minecraft:climb_one_cm":1684,"minecraft:time_since_rest":29005,"minecraft:sprint_one_cm":327003,"minecraft:damage_taken":5052,"minecraft:walk_one_cm":211769,"minecraft:drop":9,"minecraft:damage_dealt":3450,"minecraft:swim_one_cm":1241,"minecraft:talked_to_villager":3,"minecraft:fly_one_cm":911494,"minecraft:open_chest":38,"minecraft:crouch_one_cm":21045,"minecraft:play_time":100372,"minecraft:deaths":15,"minecraft:sneak_time":5377,"minecraft:walk_under_water_one_cm":13986,"minecraft:jump":3697,"minecraft:walk_on_water_one_cm":24383,"minecraft:total_world_time":100372,"minecraft:fall_one_cm":104450},"minecraft:picked_up":{"minecraft:wheat":2,"minecraft:crafting_table":2,"minecraft:cooked_beef":14,"minecraft:salmon":2,"minecraft:leather_leggings":2,"minecraft:leather":12,"minecraft:wooden_pickaxe":2,"minecraft:oak_log":25,"minecraft:string":7,"minecraft:dirt":87,"minecraft:iron_axe":1,"minecraft:wooden_sword":1,"minecraft:cooked_mutton":6,"minecraft:bone":8,"minecraft:wheat_seeds":11,"minecraft:beef":18,"minecraft:stone_pickaxe":1,"minecraft:player_head":5,"minecraft:sugar_cane":12,"minecraft:chest":1,"minecraft:oak_planks":7,"minecraft:furnace":1,"minecraft:egg":6,"minecraft:raw_iron":2,"minecraft:cooked_porkchop":2,"minecraft:sweet_berries":5,"minecraft:dandelion":3,"minecraft:gravel":4,"minecraft:porkchop":7,"minecraft:carrot":6,"minecraft:stone_sword":2,"minecraft:arrow":9,"minecraft:stone_shovel":1,"minecraft:rotten_flesh":6,"minecraft:cooked_cod":3,"minecraft:stone_axe":1,"minecraft:hay_block":2,"minecraft:crossbow":1,"minecraft:gray_wool":2,"minecraft:oak_sapling":2,"minecraft:mutton":1,"minecraft:coal":15,"minecraft:white_wool":5,"minecraft:cobblestone":149}},"DataVersion":3465}