{"stats":{"minecraft:used":{"minecraft:glass_pane":8,"minecraft:glass":10,"minecraft:husk_spawn_egg":2,"minecraft:bow":11,"minecraft:stonecutter":4,"minecraft:player_head":5},"minecraft:custom":{"minecraft:jump":41,"minecraft:open_chest":2,"minecraft:time_since_rest":4515,"minecraft:leave_game":1,"minecraft:interact_with_stonecutter":6,"minecraft:crouch_one_cm":31,"minecraft:interact_with_furnace":1,"minecraft:sprint_one_cm":1878,"minecraft:play_time":4515,"minecraft:time_since_death":4515,"minecraft:walk_one_cm":6778,"minecraft:sneak_time":39,"minecraft:total_world_time":4515,"minecraft:fall_one_cm":209,"minecraft:fly_one_cm":43004},"minecraft:crafted":{"minecraft:air":0}},"DataVersion":3465}