{"stats":{"minecraft:mined":{"minecraft:oak_leaves":1},"minecraft:used":{"minecraft:potion":1,"minecraft:splash_potion":1},"minecraft:custom":{"minecraft:jump":343,"minecraft:open_chest":4,"minecraft:time_since_rest":596,"minecraft:leave_game":1,"minecraft:deaths":1,"minecraft:sprint_one_cm":21528,"minecraft:play_time":11319,"minecraft:walk_on_water_one_cm":13434,"minecraft:time_since_death":567,"minecraft:walk_one_cm":8435,"minecraft:sneak_time":326,"minecraft:climb_one_cm":12,"minecraft:total_world_time":11319,"minecraft:walk_under_water_one_cm":44371,"minecraft:swim_one_cm":6977,"minecraft:fly_one_cm":160449}},"DataVersion":3465}