{"stats":{"minecraft:picked_up":{"minecraft:seagrass":3,"minecraft:feather":1,"minecraft:gunpowder":6,"minecraft:carrot":1,"minecraft:dirt":2,"minecraft:spider_eye":1,"minecraft:string":3,"minecraft:bone":2,"minecraft:arrow":2,"minecraft:rotten_flesh":3,"minecraft:birch_sapling":1,"minecraft:mutton":3,"minecraft:white_wool":2},"minecraft:dropped":{"minecraft:wolf_armor":1,"minecraft:gunpowder":1,"minecraft:mutton":3,"minecraft:birch_sapling":1,"minecraft:feather":1,"minecraft:spider_eye":1,"minecraft:enchanted_golden_apple":2,"minecraft:arrow":2,"minecraft:string":3,"minecraft:white_wool":2,"minecraft:birch_stairs":5,"minecraft:bone":2},"minecraft:mined":{"minecraft:grass_block":1,"minecraft:dirt":1},"minecraft:custom":{"minecraft:time_since_rest":25961,"minecraft:damage_absorbed":24,"minecraft:sprint_one_cm":28309,"minecraft:walk_one_cm":22276,"minecraft:mob_kills":25,"minecraft:drop":24,"minecraft:damage_dealt":12128,"minecraft:fly_one_cm":235384,"minecraft:crouch_one_cm":125,"minecraft:play_time":25961,"minecraft:sneak_time":276,"minecraft:jump":454,"minecraft:leave_game":1,"minecraft:walk_on_water_one_cm":209,"minecraft:time_since_death":25961,"minecraft:damage_resisted":6,"minecraft:total_world_time":25961,"minecraft:fall_one_cm":1465},"minecraft:killed":{"minecraft:sheep":2,"minecraft:skeleton":2,"minecraft:zombie":4,"minecraft:chicken":4,"minecraft:spider":2,"minecraft:turtle":2,"minecraft:warden":1,"minecraft:creeper":6,"minecraft:wither":1,"minecraft:enderman":1},"minecraft:used":{"minecraft:warden_spawn_egg":2,"minecraft:netherite_sword":65,"minecraft:dirt":2,"minecraft:enchanted_golden_apple":1}},"DataVersion":3839}