{"stats":{"minecraft:mined":{"minecraft:crafting_table":2,"minecraft:grass":7,"minecraft:oak_log":14,"minecraft:coal_ore":6,"minecraft:tall_grass":1,"minecraft:stone":21,"minecraft:sugar_cane":2,"minecraft:oak_planks":11,"minecraft:fern":2},"minecraft:custom":{"minecraft:time_since_rest":10676,"minecraft:sprint_one_cm":29025,"minecraft:damage_taken":40,"minecraft:walk_one_cm":25352,"minecraft:mob_kills":5,"minecraft:damage_dealt":912,"minecraft:interact_with_crafting_table":5,"minecraft:fly_one_cm":48614,"minecraft:crouch_one_cm":3055,"minecraft:play_time":10676,"minecraft:sneak_time":864,"minecraft:walk_under_water_one_cm":3564,"minecraft:jump":301,"minecraft:leave_game":1,"minecraft:walk_on_water_one_cm":6059,"minecraft:time_since_death":10676,"minecraft:total_world_time":10676,"minecraft:climb_one_cm":155,"minecraft:fall_one_cm":7778},"minecraft:crafted":{"minecraft:oak_planks":28,"minecraft:crafting_table":1,"minecraft:stick":12,"minecraft:wooden_pickaxe":1,"minecraft:stone_pickaxe":1,"minecraft:stone_sword":1,"minecraft:furnace":1,"minecraft:torch":12,"minecraft:stone_axe":1},"minecraft:picked_up":{"minecraft:crafting_table":2,"minecraft:cooked_beef":1,"minecraft:feather":2,"minecraft:leather":1,"minecraft:oak_log":13,"minecraft:sugar":2,"minecraft:cooked_chicken":3,"minecraft:emerald":1,"minecraft:sugar_cane":2,"minecraft:oak_planks":11,"minecraft:coal":6,"minecraft:cobblestone":21},"minecraft:killed":{"minecraft:witch":1,"minecraft:chicken":2,"minecraft:cow":1},"minecraft:used":{"minecraft:stone_sword":9,"minecraft:stone_pickaxe":14,"minecraft:oak_planks":19,"minecraft:wooden_pickaxe":13,"minecraft:cooked_chicken":2,"minecraft:stone_axe":29,"minecraft:crafting_table":2}},"DataVersion":3465}