{"stats":{"minecraft:used":{"minecraft:netherite_sword":26,"minecraft:elder_guardian_spawn_egg":5,"minecraft:stone":1,"minecraft:potion":2,"minecraft:crafting_table":1,"minecraft:smithing_table":1,"minecraft:splash_potion":1},"minecraft:picked_up":{"minecraft:prismarine_shard":6,"minecraft:salmon":1,"minecraft:wither_rose":1,"minecraft:prismarine_crystals":2,"minecraft:string":1,"minecraft:arrow":2,"minecraft:bone":2,"minecraft:rotten_flesh":1,"minecraft:tide_armor_trim_smithing_template":1,"minecraft:beef":2,"minecraft:cod":3,"minecraft:nether_star":3,"minecraft:wet_sponge":5},"minecraft:mined":{"minecraft:oak_leaves":1},"minecraft:crafted":{"boss_blades:empty_catalyst":1,"boss_blades:active_heart_of_the_sea":3},"minecraft:custom":{"minecraft:time_since_rest":7651,"minecraft:interact_with_smithing_table":7,"minecraft:sprint_one_cm":37603,"minecraft:walk_one_cm":22743,"minecraft:mob_kills":12,"minecraft:damage_dealt":13880,"minecraft:swim_one_cm":6977,"minecraft:interact_with_crafting_table":1,"minecraft:fly_one_cm":269811,"minecraft:open_barrel":5,"minecraft:open_chest":15,"minecraft:play_time":26085,"minecraft:deaths":2,"minecraft:sneak_time":634,"minecraft:walk_under_water_one_cm":48937,"minecraft:jump":566,"minecraft:leave_game":4,"minecraft:time_since_death":7629,"minecraft:walk_on_water_one_cm":14409,"minecraft:total_world_time":26085,"minecraft:climb_one_cm":12},"minecraft:killed":{"minecraft:skeleton":1,"minecraft:zombie":1,"minecraft:elder_guardian":5,"minecraft:spider":1,"minecraft:creeper":1,"minecraft:wither":3}},"DataVersion":3465}