{
  "repurposed_structures:root": {
    "criteria": {
      "always": "2024-06-04 06:49:18 +0000"
    },
    "done": true
  },
  "minecraft:recipes/decorations/crafting_table": {
    "criteria": {
      "unlock_right_away": "2024-06-04 06:49:18 +0000"
    },
    "done": true
  },
  "minecraft:adventure/adventuring_time": {
    "criteria": {
      "minecraft:stony_peaks": "2024-06-04 06:49:40 +0000",
      "minecraft:sparse_jungle": "2024-06-04 06:54:36 +0000",
      "minecraft:lukewarm_ocean": "2024-06-04 06:55:05 +0000",
      "minecraft:river": "2024-06-04 06:53:03 +0000",
      "minecraft:stony_shore": "2024-06-04 06:53:06 +0000",
      "minecraft:forest": "2024-06-04 06:49:19 +0000",
      "minecraft:jungle": "2024-06-04 06:53:05 +0000",
      "minecraft:deep_lukewarm_ocean": "2024-06-04 06:55:30 +0000",
      "minecraft:plains": "2024-06-04 06:51:22 +0000"
    },
    "done": false
  },
  "minecraft:recipes/transportation/mangrove_boat": {
    "criteria": {
      "in_water": "2024-06-04 06:51:27 +0000"
    },
    "done": true
  },
  "minecraft:recipes/transportation/acacia_boat": {
    "criteria": {
      "in_water": "2024-06-04 06:51:27 +0000"
    },
    "done": true
  },
  "minecraft:recipes/transportation/cherry_boat": {
    "criteria": {
      "in_water": "2024-06-04 06:51:27 +0000"
    },
    "done": true
  },
  "minecraft:recipes/transportation/bamboo_raft": {
    "criteria": {
      "in_water": "2024-06-04 06:51:27 +0000"
    },
    "done": true
  },
  "minecraft:recipes/transportation/spruce_boat": {
    "criteria": {
      "in_water": "2024-06-04 06:51:27 +0000"
    },
    "done": true
  },
  "minecraft:recipes/transportation/birch_boat": {
    "criteria": {
      "in_water": "2024-06-04 06:51:27 +0000"
    },
    "done": true
  },
  "minecraft:recipes/transportation/oak_boat": {
    "criteria": {
      "in_water": "2024-06-04 06:51:27 +0000"
    },
    "done": true
  },
  "minecraft:recipes/transportation/jungle_boat": {
    "criteria": {
      "in_water": "2024-06-04 06:51:27 +0000"
    },
    "done": true
  },
  "minecraft:recipes/transportation/dark_oak_boat": {
    "criteria": {
      "in_water": "2024-06-04 06:51:27 +0000"
    },
    "done": true
  },
  "repurposed_structures:ancient_cities": {
    "criteria": {
      "in_ancient_city_ocean": "2024-06-04 06:55:57 +0000"
    },
    "done": false
  },
  "minecraft:husbandry/root": {
    "criteria": {
      "consumed_item": "2024-06-04 06:57:25 +0000"
    },
    "done": true
  },
  "DataVersion": 3465
}