{
  "gurkis:bannerflags": {
    "criteria": {
      "requirement": "2024-06-06 04:28:24 +0000"
    },
    "done": true
  },
  "1_splatus:ultris/root": {
    "criteria": {
      "c1": "2024-06-06 04:28:24 +0000"
    },
    "done": true
  },
  "repurposed_structures:root": {
    "criteria": {
      "always": "2024-06-06 04:28:24 +0000"
    },
    "done": true
  },
  "minecraft:recipes/decorations/crafting_table": {
    "criteria": {
      "unlock_right_away": "2024-06-06 04:28:24 +0000"
    },
    "done": true
  },
  "vanilla_refresh:player/end_teleport": {
    "criteria": {
      "s3": "2024-06-06 04:28:24 +0000"
    },
    "done": false
  },
  "betterdeserttemples:root": {
    "criteria": {
      "always": "2024-06-06 04:28:24 +0000"
    },
    "done": true
  },
  "global:root": {
    "criteria": {
      "trigger": "2024-06-06 04:28:24 +0000"
    },
    "done": true
  },
  "incendium:technical/new_player": {
    "criteria": {
      "requirement": "2024-06-06 04:28:24 +0000"
    },
    "done": true
  },
  "global:hako": {
    "criteria": {
      "trigger": "2024-06-06 04:28:24 +0000"
    },
    "done": true
  },
  "global:stonecutter_damage": {
    "criteria": {
      "requirement": "2024-06-06 04:28:24 +0000"
    },
    "done": true
  },
  "bannerflags:root": {
    "criteria": {
      "requirement": "2024-06-06 04:28:24 +0000"
    },
    "done": true
  },
  "blue:tick": {
    "criteria": {
      "requirement": "2024-06-06 04:28:24 +0000"
    },
    "done": true
  },
  "vanilla_refresh:player/tick": {
    "criteria": {
      "s": "2024-06-06 04:28:24 +0000"
    },
    "done": true
  },
  "blue:trimsoverhaul": {
    "criteria": {
      "requirement": "2024-06-06 04:28:24 +0000"
    },
    "done": true
  },
  "global:un_pogaz": {
    "criteria": {
      "trigger": "2024-06-06 04:28:24 +0000"
    },
    "done": true
  },
  "gurkis:root": {
    "criteria": {
      "requirement": "2024-06-06 04:28:24 +0000"
    },
    "done": true
  },
  "betterdungeons:root": {
    "criteria": {
      "always": "2024-06-06 04:28:24 +0000"
    },
    "done": true
  },
  "ownership:ownership": {
    "criteria": {
      "trigger": "2024-06-06 04:28:24 +0000"
    },
    "done": true
  },
  "blue:leave": {
    "criteria": {
      "out_stronghold": "2024-06-06 04:28:26 +0000"
    },
    "done": false
  },
  "incendium:technical/scroll_of_returning": {
    "criteria": {
      "log_spam_fixer": "2024-06-06 04:28:26 +0000"
    },
    "done": false
  },
  "incendium:technical/using/ragnarok": {
    "criteria": {
      "log_spam_fixer": "2024-06-06 04:28:26 +0000"
    },
    "done": false
  },
  "incendium:technical/using/trailblazer": {
    "criteria": {
      "log_spam_fixer": "2024-06-06 04:28:26 +0000"
    },
    "done": false
  },
  "incendium:technical/using/shield": {
    "criteria": {
      "log_spam_fixer": "2024-06-06 04:28:26 +0000"
    },
    "done": false
  },
  "vanilla_refresh:biome/plains": {
    "criteria": {
      "requirement": "2024-06-06 04:28:36 +0000"
    },
    "done": true
  },
  "vanilla_refresh:biome/forest": {
    "criteria": {
      "requirement": "2024-06-06 04:30:22 +0000"
    },
    "done": true
  },
  "minecraft:recipes/transportation/cherry_boat": {
    "criteria": {
      "in_water": "2024-06-06 04:30:24 +0000"
    },
    "done": true
  },
  "minecraft:recipes/transportation/bamboo_raft": {
    "criteria": {
      "in_water": "2024-06-06 04:30:24 +0000"
    },
    "done": true
  },
  "minecraft:recipes/transportation/spruce_boat": {
    "criteria": {
      "in_water": "2024-06-06 04:30:24 +0000"
    },
    "done": true
  },
  "minecraft:recipes/transportation/birch_boat": {
    "criteria": {
      "in_water": "2024-06-06 04:30:24 +0000"
    },
    "done": true
  },
  "minecraft:recipes/transportation/oak_boat": {
    "criteria": {
      "in_water": "2024-06-06 04:30:24 +0000"
    },
    "done": true
  },
  "minecraft:recipes/transportation/mangrove_boat": {
    "criteria": {
      "in_water": "2024-06-06 04:30:24 +0000"
    },
    "done": true
  },
  "minecraft:recipes/transportation/acacia_boat": {
    "criteria": {
      "in_water": "2024-06-06 04:30:24 +0000"
    },
    "done": true
  },
  "minecraft:recipes/transportation/jungle_boat": {
    "criteria": {
      "in_water": "2024-06-06 04:30:24 +0000"
    },
    "done": true
  },
  "minecraft:recipes/transportation/dark_oak_boat": {
    "criteria": {
      "in_water": "2024-06-06 04:30:24 +0000"
    },
    "done": true
  },
  "vanilla_refresh:biome/taiga": {
    "criteria": {
      "requirement": "2024-06-06 04:31:12 +0000"
    },
    "done": true
  },
  "vanilla_refresh:biome/old_growth_taiga": {
    "criteria": {
      "requirement": "2024-06-06 04:31:39 +0000"
    },
    "done": true
  },
  "blue:stoplevitate": {
    "criteria": {
      "no_levitation": "2024-06-06 04:36:03 +0000"
    },
    "done": false
  },
  "vanilla_refresh:biome/snowy_plains": {
    "criteria": {
      "requirement": "2024-06-06 04:38:05 +0000"
    },
    "done": true
  },
  "incendium:technical/sentrys_wrath": {
    "criteria": {
      "log_spam_fixer": "2024-06-06 04:40:45 +0000"
    },
    "done": false
  },
  "incendium:technical/inventory/sentrys_wrath": {
    "criteria": {
      "log_spam_fixer": "2024-06-06 04:40:45 +0000"
    },
    "done": false
  },
  "incendium:technical/feed_ghastling": {
    "criteria": {
      "log_spam_fixer": "2024-06-06 04:40:45 +0000"
    },
    "done": false
  },
  "incendium:technical/on_player_hurt": {
    "criteria": {
      "requirement": "2024-06-06 04:40:52 +0000",
      "log_spam_fixer": "2024-06-06 04:40:45 +0000"
    },
    "done": true
  },
  "incendium:technical/firestorm": {
    "criteria": {
      "log_spam_fixer": "2024-06-06 04:40:45 +0000"
    },
    "done": false
  },
  "incendium:technical/inventory/firestorm": {
    "criteria": {
      "log_spam_fixer": "2024-06-06 04:40:45 +0000"
    },
    "done": false
  },
  "incendium:technical/give_ghastling": {
    "criteria": {
      "log_spam_fixer": "2024-06-06 04:40:45 +0000"
    },
    "done": false
  },
  "incendium:technical/on_kill": {
    "criteria": {
      "log_spam_fixer": "2024-06-06 04:40:45 +0000"
    },
    "done": false
  },
  "incendium:technical/multiplex_crossbow": {
    "criteria": {
      "log_spam_fixer": "2024-06-06 04:40:45 +0000"
    },
    "done": false
  },
  "incendium:technical/on_inventory_change": {
    "criteria": {
      "log_spam_fixer": "2024-06-06 04:40:45 +0000"
    },
    "done": false
  },
  "incendium:technical/holy_wrath": {
    "criteria": {
      "log_spam_fixer": "2024-06-06 04:40:45 +0000"
    },
    "done": false
  },
  "incendium:technical/on_block": {
    "criteria": {
      "log_spam_fixer": "2024-06-06 04:40:45 +0000"
    },
    "done": false
  },
  "blazeandcave:technical/fail_dragon_vs": {
    "criteria": {
      "enter_water": "2024-06-06 04:48:17 +0000"
    },
    "done": true
  },
  "blazeandcave:biomes/one_with_the_forest": {
    "criteria": {
      "plains": "2024-06-06 05:02:16 +0000"
    },
    "done": false
  },
  "blazeandcave:challenges/explorer_of_worlds": {
    "criteria": {
      "plains": "2024-06-06 05:02:16 +0000",
      "river": "2024-06-06 05:02:46 +0000"
    },
    "done": false
  },
  "blazeandcave:bacap/root": {
    "criteria": {
      "location": "2024-06-06 05:02:16 +0000"
    },
    "done": true
  },
  "minecraft:adventure/adventuring_time": {
    "criteria": {
      "plains": "2024-06-06 05:02:16 +0000",
      "river": "2024-06-06 05:02:46 +0000"
    },
    "done": false
  },
  "blazeandcave:bacap/advancement_legend": {
    "criteria": {
      "tarzan": "2024-06-06 05:02:30 +0000",
      "loser": "2024-06-06 05:02:22 +0000",
      "just_keep_swimming": "2024-06-06 05:02:46 +0000",
      "biomes_root": "2024-06-06 05:02:22 +0000",
      "bacap_root": "2024-06-06 05:02:17 +0000",
      "adventure_root": "2024-06-06 05:02:22 +0000"
    },
    "done": false
  },
  "blazeandcave:weaponry/loser": {
    "criteria": {
      "trigger": "2024-06-06 05:02:21 +0000"
    },
    "done": true
  },
  "blazeandcave:biomes/root": {
    "criteria": {
      "killed_by_something": "2024-06-06 05:02:21 +0000"
    },
    "done": true
  },
  "minecraft:adventure/root": {
    "criteria": {
      "killed_by_something": "2024-06-06 05:02:21 +0000"
    },
    "done": true
  },
  "blazeandcave:challenges/death_from_all": {
    "criteria": {
      "skeleton": "2024-06-06 05:02:21 +0000"
    },
    "done": false
  },
  "blazeandcave:bacap/biomes_milestone": {
    "criteria": {
      "tarzan": "2024-06-06 05:02:30 +0000",
      "just_keep_swimming": "2024-06-06 05:02:46 +0000",
      "root": "2024-06-06 05:02:22 +0000"
    },
    "done": false
  },
  "blazeandcave:bacap/weaponry_milestone": {
    "criteria": {
      "loser": "2024-06-06 05:02:22 +0000"
    },
    "done": false
  },
  "blazeandcave:bacap/adventure_milestone": {
    "criteria": {
      "root": "2024-06-06 05:02:22 +0000"
    },
    "done": false
  },
  "blazeandcave:biomes/tarzan": {
    "criteria": {
      "enter_vine": "2024-06-06 05:02:29 +0000"
    },
    "done": true
  },
  "blazeandcave:biomes/just_keep_swimming": {
    "criteria": {
      "enter_water": "2024-06-06 05:02:46 +0000"
    },
    "done": true
  },
  "blazeandcave:biomes/wet_feet": {
    "criteria": {
      "river": "2024-06-06 05:02:46 +0000"
    },
    "done": false
  },
  "DataVersion": 3465
}